Name,Platform,Followers,Engagement Rate (%),Niche,Email,Profile URL,Content Themes,Instagram,Website,Country,Audience Age,Audience Gender,Last Upload (days ago),Fitness Relevance,Status,Reason
Ali Spagnola's Fitness Outrageous,YouTube,67700,3.01,Fitness,Not Found,https://www.youtube.com/@fitnessoutrageous,gym,Not Found,http://patreon.com/alispagnola,US,Not Available,Not Available,0,0.4,PASS,Meets all criteria (no public email - DM/manual outreach only)
Anton,YouTube,20600,4.97,Fitness,Not Found,https://www.youtube.com/@antonthnx,"submax instagram, instagram work",Not Found,Not Found,Not Available,Not Available,Not Available,1,1.0,PASS,Meets all criteria (no public email - DM/manual outreach only)
Ash workout,YouTube,75200,3.64,Fitness,Not Found,https://www.youtube.com/@ash_workout,"vlog, challenge",Not Found,Not Found,Not Available,Not Available,Not Available,3,0.4,PASS,Meets all criteria (no public email - DM/manual outreach only)
Benji,YouTube,26900,4.2,Fitness,Not Found,https://www.youtube.com/@benjicalisthenics,"calisthenics, muscle, back, again",https://www.instagram.com/benji_calisthenics,Not Found,BE,Not Available,Not Available,2,0.9,PASS,Meets all criteria (no public email - DM/manual outreach only)
Brad Only,YouTube,47200,3.04,Fitness,Not Found,https://www.youtube.com/@bradonly422,hair,Not Found,Not Found,PK,Not Available,Not Available,0,0.5,PASS,Meets all criteria (no public email - DM/manual outreach only)
Cali Bulk,YouTube,24500,3.51,Fitness,Not Found,https://www.youtube.com/@calibulk,"calisthenics, power, aura",Not Found,Not Found,Not Available,Not Available,Not Available,0,1.0,PASS,Meets all criteria (no public email - DM/manual outreach only)
Calisthenics Aura,YouTube,18900,3.11,Fitness,Not Found,https://www.youtube.com/@calisthenics_auraaa,"power calisthenics, aura edit, calisthenics aura, has insane",Not Found,Not Found,IN,Not Available,Not Available,0,1.0,PASS,Meets all criteria (no public email - DM/manual outreach only)
Cara Kuykens,YouTube,62900,2.5,Fitness,Not Found,https://www.youtube.com/@carakuykens,"challenge, steel home, legs steel, home calisthenics",https://www.instagram.com/caracalisthenics,Not Found,Not Available,Not Available,Not Available,1,0.8,PASS,Meets all criteria (no public email - DM/manual outreach only)
Dhruv Dagar Fitness,YouTube,77400,5.15,Fitness,Not Found,https://www.youtube.com/@dhruvdagaryt,"nutrabay code, code dhruv, protein shake, nahi",Not Found,Not Found,IN,Not Available,Not Available,0,0.5,PASS,Meets all criteria (no public email - DM/manual outreach only)
FITSARA,YouTube,23400,2.02,Fitness,sezzy@pathtalent.co,https://www.youtube.com/@fitsarax,"workout vlog, gym workout, tattoo, keep",Not Found,https://beacons.ai/fitsarax,Not Available,Not Available,Not Available,3,0.4,PASS,Meets all criteria
JASTEJ CHAHAL,YouTube,16500,4.08,Fitness,official.singhx@gmail.com,https://www.youtube.com/@official.singhx,"start calisthenics, push, calisthenics home, all",Not Found,Not Found,Not Available,Not Available,Not Available,0,1.0,PASS,Meets all criteria
Jishthetics,YouTube,98400,6.91,Fitness,Not Found,https://www.youtube.com/@jishthetics,"vlog, maja, veetla, natty",Not Found,Not Found,IN,Not Available,Not Available,1,0.3,PASS,Meets all criteria (no public email - DM/manual outreach only)
Josh,YouTube,20500,2.65,Fitness,Not Found,https://www.youtube.com/@joshcalifit,"calite insta, calisthenics coaching, insta calisthenics",Not Found,Not Found,Not Available,Not Available,Not Available,0,1.0,PASS,Meets all criteria (no public email - DM/manual outreach only)
Kailiefitness,YouTube,11300,3.23,Fitness,Not Found,https://www.youtube.com/@kailiefitness,"female client, want, fat, workout gym",Not Found,Not Found,Not Available,Not Available,Not Available,0,0.4,PASS,Meets all criteria (no public email - DM/manual outreach only)
Kate's Home Fitness,YouTube,23700,4.76,Fitness,Not Found,https://www.youtube.com/@katehomefitness,"workout, low impact, rebounder, active",Not Found,Not Found,CA,Not Available,Not Available,0,1.0,PASS,Meets all criteria (no public email - DM/manual outreach only)
Ketty & Markus | Holistic Fitness,YouTube,19600,2.29,Fitness,Not Found,https://www.youtube.com/@theenergylab,"blood sugar, stop, lower, fix",Not Found,Not Found,US,Not Available,Not Available,0,0.4,PASS,Meets all criteria (no public email - DM/manual outreach only)
Lucy Adams,YouTube,85600,3.19,Fitness,partnerships@lucefit.com,https://www.youtube.com/@lucefit,"never, stop, one, came",Not Found,Not Found,Not Available,Not Available,Not Available,0,0.8,PASS,Meets all criteria
Mercan Gokbas,YouTube,21400,3.9,Fitness,Not Found,https://www.youtube.com/@gmercan224,"life lately, gym, eat",https://www.instagram.com/gmercan_,Not Found,Not Available,Not Available,Not Available,0,0.5,PASS,Meets all criteria (no public email - DM/manual outreach only)
Moiz Abbas MA,YouTube,41900,5.71,Fitness,Not Found,https://www.youtube.com/@moizabbasma,"moiz abbas, vlog, visited tree, tree house",Not Found,Not Found,PK,Not Available,Not Available,1,0.3,PASS,Meets all criteria (no public email - DM/manual outreach only)
Mr.Fit_sanjeev,YouTube,32100,7.33,Fitness,Not Found,https://www.youtube.com/@mr.fit_sanjeev,"fitness, routine, life, service",Not Found,Not Found,Not Available,Not Available,Not Available,0,0.7,PASS,Meets all criteria (no public email - DM/manual outreach only)
Nitish ,YouTube,28200,3.21,Fitness,Not Found,https://www.youtube.com/@nitishcueboy,"bappa, workout, our, blessing",Not Found,Not Found,Not Available,Not Available,Not Available,0,0.6,PASS,Meets all criteria (no public email - DM/manual outreach only)
Pawan kumar crockzee ,YouTube,20800,7.72,Fitness,Not Found,https://www.youtube.com/@crockzee,"fitness vlog, village vlog",Not Found,Not Found,Not Available,Not Available,Not Available,0,0.9,PASS,Meets all criteria (no public email - DM/manual outreach only)
Quick Strength,YouTube,76100,3.91,Fitness,Not Found,https://www.youtube.com/@quickstrength,"calisthenics, handstand, first",Not Found,Not Found,IN,Not Available,Not Available,1,1.0,PASS,Meets all criteria (no public email - DM/manual outreach only)
Rahul Rajak,YouTube,54100,2.09,Fitness,rr4077678@gmail.com,https://www.youtube.com/@rahul_rajak29,"planche, tuck, easy",Not Found,Not Found,IN,Not Available,Not Available,0,1.0,PASS,Meets all criteria
Saiyan strength,YouTube,21400,3.49,Fitness,Not Found,https://www.youtube.com/@saiyan.strength,"calisthenics, enters chat, tutorial",https://www.instagram.com/saiyan_.strength,Not Found,Not Available,Not Available,Not Available,0,1.0,PASS,Meets all criteria (no public email - DM/manual outreach only)
Sandy Sklar,YouTube,53000,2.53,Fitness,Not Found,https://www.youtube.com/@sandysklarxfit,"workout, home, women fitness, core",Not Found,Not Found,Not Available,Not Available,Not Available,0,0.9,PASS,Meets all criteria (no public email - DM/manual outreach only)
ShapeX,YouTube,6530,3.75,Fitness,armandube1@gmail.com,https://www.youtube.com/@shapex123,"home, workout, push ups, forearm",Not Found,Not Found,IN,Not Available,Not Available,7,0.8,PASS,Meets all criteria
Shashank Dutt,YouTube,12000,5.43,Fitness,Not Found,https://www.youtube.com/@shshshnkk,"tattoo, loss",Not Found,Not Found,Not Available,Not Available,Not Available,0,0.8,PASS,Meets all criteria (no public email - DM/manual outreach only)
Sourabh Fitness,YouTube,5990,4.1,Fitness,sourabhsocialmedia1118@gmail.com,https://www.youtube.com/@sourabhmbbsfitness,"getting abs, abs mbbs",Not Found,Not Found,Not Available,Not Available,Not Available,3,1.0,PASS,Meets all criteria
Urs Gets Fit,YouTube,76000,3.95,Fitness,Not Found,https://www.youtube.com/@ursgetsfit,"lost lbs, women over, weight loss, lbs months",Not Found,Not Found,US,Not Available,Not Available,4,0.7,PASS,Meets all criteria (no public email - DM/manual outreach only)
"Vishal ""Asli Taaqat 100"" 🔥 ",YouTube,29600,2.41,Fitness,Not Found,https://www.youtube.com/@vishalaslitaaqat100,"workout, strong, build, body",Not Found,Not Found,IN,Not Available,Not Available,0,1.0,PASS,Meets all criteria (no public email - DM/manual outreach only)
YASHVEER CHAUHAN,YouTube,27700,2.4,Fitness,1yashveerr@gamil.com,https://www.youtube.com/@yashveerchauhann,"bodybuilding motivation, aesthetic, motivation relatable, physique",Not Found,Not Found,IN,Not Available,Not Available,1,0.8,PASS,Meets all criteria
coach rahul and jyoti,YouTube,40000,2.45,Fitness,Not Found,https://www.youtube.com/@coachrahulandjyoti,"fat loss, exercise home, loss exercise, thigh",Not Found,Not Found,IN,Not Available,Not Available,0,1.0,PASS,Meets all criteria (no public email - DM/manual outreach only)
dailyfit,YouTube,8730,2.35,Fitness,dailyfittchannel@gmail.com,https://www.youtube.com/@dailyfitchannel,"muscle, grow, biceps",Not Found,Not Found,Not Available,Not Available,Not Available,4,0.4,PASS,Meets all criteria
kashish bhatt,YouTube,13000,3.07,Fitness,kashish18bhatt@gmail.com,https://www.youtube.com/@kashh.xo-yt,just girl,Not Found,Not Found,Not Available,Not Available,Not Available,0,0.9,PASS,Meets all criteria
saša venos,YouTube,11100,3.81,Fitness,Not Found,https://www.youtube.com/@sasavenos,calisthenics,Not Found,Not Found,Not Available,Not Available,Not Available,3,0.8,PASS,Meets all criteria (no public email - DM/manual outreach only)
10 Minute Fitness ,YouTube,2500,0.79,Fitness,Not Found,https://www.youtube.com/@10minutefitnes,"tai chi, chi exercise, workout, exercises",Not Found,Not Found,Not Available,Not Available,Not Available,0,0.9,FAIL,"Followers 2,500 < 5,000; Engagement 0.79% < 2.0%"
15min with Madhu,YouTube,24000,1.52,Fitness,15minwithmadhu@gmail.com,https://www.youtube.com/@15minwithmadhu,"home, workout, routine, equipment",Not Found,Not Found,IN,Not Available,Not Available,0,0.8,FAIL,Engagement 1.52% < 2.0%
5 MIN FITNESS,YouTube,1610,0.99,Fitness,Not Found,https://www.youtube.com/@5minfitness4u,"wall sit, mental, discipline, challenge",Not Found,Not Found,US,Not Available,Not Available,4,0.9,FAIL,"Followers 1,610 < 5,000; Engagement 0.99% < 2.0%"
"50, Fit and Fabulous",YouTube,201,0.56,Fitness,Not Found,https://www.youtube.com/@50fitfabulous76,"kgs, journey, lbs, unnecessarily complicating",Not Found,Not Found,AU,Not Available,Not Available,4,0.3,FAIL,"Followers 201 < 5,000; Engagement 0.56% < 2.0%"
@parul_baby,YouTube,2220,1.29,Fitness,Not Found,https://www.youtube.com/@gymworkoutp,"workout, home, exercises, abs",Not Found,Not Found,Not Available,Not Available,Not Available,0,1.0,FAIL,"Followers 2,220 < 5,000; Engagement 1.29% < 2.0%"
A.T. Malone,YouTube,301,2.58,Fitness,Not Found,https://www.youtube.com/@atmalone1985,"obama, growing pains, fatherhood growing, woman",Not Found,Not Found,US,Not Available,Not Available,0,0.2,FAIL,"Followers 301 < 5,000; Low fitness relevance (0.2)"
ANATOLY,YouTube,9880000,1.63,Fitness,vshmondenko@gmail.com,https://www.youtube.com/@vladimirfitness,"gym, janitor biggest, didn expect, anatoly",https://www.instagram.com/vladimirshmondenko,Not Found,US,Not Available,Not Available,5,0.8,FAIL,"Followers 9,880,000 > 100,000 (not micro); Engagement 1.63% < 2.0%"
Abhijeet ,YouTube,87,5.56,Fitness,Not Found,https://www.youtube.com/@abhijeetfitnessvlogs,vlog,Not Found,Not Found,IN,Not Available,Not Available,3,0.2,FAIL,"Followers 87 < 5,000; Low fitness relevance (0.2)"
Abhilash Singh,YouTube,126,2.2,Fitness,Not Found,https://www.youtube.com/@abhiitales5407,"workout, shoulder, exercises, chest",Not Found,Not Found,IN,Not Available,Not Available,0,1.0,FAIL,"Followers 126 < 5,000"
Abhishek Bhatt,YouTube,213000,3.99,Fitness,abhishekbhatt.business@gmail.com,https://www.youtube.com/@abhishekbhatt20,"celebration, neha, favourite",Not Found,Not Found,IN,Not Available,Not Available,0,0.0,FAIL,"Followers 213,000 > 100,000 (not micro); Low fitness relevance (0)"
Abhishek Yadav,YouTube,757000,1.27,Fitness,abhiaesthetic@gmail.com,https://www.youtube.com/@abhishekyadavyt,"abhishek yadav, veg, fukrainsaan",Not Found,Not Found,IN,Not Available,Not Available,3,0.1,FAIL,"Followers 757,000 > 100,000 (not micro); Engagement 1.27% < 2.0%; Low fitness relevance (0.1)"
Aditya Fitness,YouTube,5490,1.01,Fitness,Not Found,https://www.youtube.com/@adityafitnes.s,"six pack, workout, home, pack abs",Not Found,Not Found,IN,Not Available,Not Available,0,1.0,FAIL,Engagement 1.01% < 2.0%
Ahana Biswas,YouTube,472000,4.72,Fitness,Not Found,https://www.youtube.com/@ahanabiswas,"study, vlog, prize distribution, final year",Not Found,Not Found,IN,Not Available,Not Available,1,0.1,FAIL,"Followers 472,000 > 100,000 (not micro); Low fitness relevance (0.1)"
Aj Khati,YouTube,3360,2.74,Fitness,Not Found,https://www.youtube.com/@ajkhati50,challenge,Not Found,Not Found,Not Available,Not Available,Not Available,0,0.9,FAIL,"Followers 3,360 < 5,000"
Akki Vibes 06,YouTube,22,Not Available,Fitness,Not Found,https://www.youtube.com/@akkivibes06,vlog challenge,Not Found,Not Found,IN,Not Available,Not Available,0,0.2,FAIL,"Followers 22 < 5,000; Engagement unavailable (likes hidden); Low fitness relevance (0.2)"
Akshay Dhiman Fitness ,YouTube,96200,1.58,Fitness,akshaydhimanfitness26@gmail.com,https://www.youtube.com/@akshaydhimanfitness,"fat burn, challenge easy, burn challenge, belly fat",Not Found,Not Found,IN,Not Available,Not Available,0,0.8,FAIL,Engagement 1.58% < 2.0%
Alex & Bofo,YouTube,522,1.32,Fitness,Not Found,https://www.youtube.com/@arana_brothers,"calisthenics, progress",Not Found,Not Found,MX,Not Available,Not Available,1,0.4,FAIL,"Followers 522 < 5,000; Engagement 1.32% < 2.0%"
Always A Beginner,YouTube,1060,2.23,Fitness,Not Found,https://www.youtube.com/@alwaysabeginner,"planche, calisthenics, pushups, progress",Not Found,Not Found,IN,Not Available,Not Available,2,1.0,FAIL,"Followers 1,060 < 5,000"
Amisha Singh,YouTube,249000,1.07,Fitness,amishaa.singh19@gmail.com,https://www.youtube.com/@amishasingh19,"cruise, first time, onam, life",https://www.instagram.com/amivastra,Not Found,IN,Not Available,Not Available,1,0.4,FAIL,"Followers 249,000 > 100,000 (not micro); Engagement 1.07% < 2.0%"
AmmuVibes,YouTube,23200,1.52,Fitness,ammuvibes2026@gmail.com,https://www.youtube.com/@ammuvibess,"try, leg, fats, burn",Not Found,Not Found,SG,Not Available,Not Available,0,0.9,FAIL,Engagement 1.52% < 2.0%
AnaisFit ,YouTube,3540,2.26,Fitness,Not Found,https://www.youtube.com/@anais__fit,"calisthenics, yoga, progress, gymmotivation",Not Found,Not Found,Not Available,Not Available,Not Available,40,1.0,FAIL,"Followers 3,540 < 5,000"
Ankur' Sweat Warriors,YouTube,58,1.14,Fitness,sweat.squads23@gmail.com,https://www.youtube.com/@ankurssweatwarrior,"fit journey, fat fit, shoulder, workout",Not Found,Not Found,Not Available,Not Available,Not Available,0,0.7,FAIL,"Followers 58 < 5,000; Engagement 1.14% < 2.0%"
ArielYu_Fit,YouTube,623000,2.92,Fitness,arielyufityt@gmail.com,https://www.youtube.com/@arielyu_fit,"workout, plan, home, know difference",Not Found,Not Found,US,Not Available,Not Available,1,0.7,FAIL,"Followers 623,000 > 100,000 (not micro)"
Ash Physique,YouTube,110,1.95,Fitness,Not Found,https://www.youtube.com/@ashcalixfit,"journey, workout, strength, control",Not Found,Not Found,IN,Not Available,Not Available,0,1.0,FAIL,"Followers 110 < 5,000; Engagement 1.95% < 2.0%"
Atul Singh,YouTube,1390,1.33,Fitness,Not Found,https://www.youtube.com/@fitatul.14,"singh live, atul singh, sach, push",Not Found,Not Found,Not Available,Not Available,Not Available,0,0.6,FAIL,"Followers 1,390 < 5,000; Engagement 1.33% < 2.0%"
B. Dean,YouTube,53,1.22,Fitness,byrondean1040@gmail.com,https://www.youtube.com/@b.deanjr,"workout, shoulders, dumbbell, body",Not Found,https://docs.google.com/forms/d/e/1FAIpQLSfiglRvbzEVNH0EWDI4E1tmVuJWsi8taHjThkdtdF87MNqQSg/viewform?utm_source=ig&utm_medium=social&utm_content=link_in_bio,US,Not Available,Not Available,5,1.0,FAIL,"Followers 53 < 5,000; Engagement 1.22% < 2.0%"
BarsOnly,YouTube,33100,1.44,Fitness,Not Found,https://www.youtube.com/@barsonlycalisthenics,"jacked calisthenics, need jacked, all need, training less",Not Found,Not Found,NL,Not Available,Not Available,1,1.0,FAIL,Engagement 1.44% < 2.0%
Bella Dawson,YouTube,238,0.95,Fitness,Not Found,https://www.youtube.com/@bella_does,"vlog, nurse, challenge, birthday",Not Found,https://fundraise.nbcf.org.au/fundraisers/isabelladawson,Not Available,Not Available,Not Available,17,0.4,FAIL,"Followers 238 < 5,000; Engagement 0.95% < 2.0%"
Bermirez,YouTube,723,3.59,Fitness,Not Found,https://www.youtube.com/@bermirez,fitness,Not Found,Not Found,Not Available,Not Available,Not Available,20,0.2,FAIL,"Followers 723 < 5,000; Low fitness relevance (0.2)"
Bhaarat Chaudhary,YouTube,141000,3.39,Fitness,tarbhinator@gmail.com,https://www.youtube.com/@bhaaratchaudharyy,"upper, home, dream",Not Found,Not Found,IN,Not Available,Not Available,0,0.2,FAIL,"Followers 141,000 > 100,000 (not micro); Low fitness relevance (0.2)"
Biku Ki Fitness,YouTube,783000,Not Available,Fitness,bikukiworkoout@gmail.com,https://www.youtube.com/@bikukifitness,"roadies rebirth, rebirth audition, winter arc, audition dene",Not Found,Not Found,Not Available,Not Available,Not Available,1,0.1,FAIL,"Followers 783,000 > 100,000 (not micro); Engagement unavailable (likes hidden); Low fitness relevance (0.1)"
BlazeForm,YouTube,116000,8.27,Fitness,blazeform.business@gmail.com,https://www.youtube.com/@blazeform,"just, build",Not Found,Not Found,Not Available,Not Available,Not Available,1,0.2,FAIL,"Followers 116,000 > 100,000 (not micro); Low fitness relevance (0.2)"
Body Built,YouTube,43,2.93,Fitness,Not Found,https://www.youtube.com/@bodybuilt-1,"ups, stop, like, here",Not Found,Not Found,US,Not Available,Not Available,0,0.7,FAIL,"Followers 43 < 5,000"
BodyKaRaaz,YouTube,403,Not Available,Fitness,Not Found,https://www.youtube.com/@body_ka_raaz,"where, made, does",Not Found,Not Found,IN,Not Available,Not Available,0,0.6,FAIL,"Followers 403 < 5,000; Engagement unavailable (likes hidden)"
Boro7170,YouTube,10,1.27,Fitness,Not Found,https://www.youtube.com/@br7170,"sets, transform, stronger, join",Not Found,Not Found,AE,Not Available,Not Available,21,0.8,FAIL,"Followers 10 < 5,000; Engagement 1.27% < 2.0%"
Bounce BackBody,YouTube,15600,0.73,Fitness,Not Found,https://www.youtube.com/@bouncebackbodyfit,"moves, try these, stronger core, floor",Not Found,Not Found,Not Available,Not Available,Not Available,0,0.9,FAIL,Engagement 0.73% < 2.0%
Brijeshfitness,YouTube,1330,1.4,Fitness,Not Found,https://www.youtube.com/@brijeshfitness2546,"step, push, tutorial, perfect",Not Found,Not Found,IN,Not Available,Not Available,0,1.0,FAIL,"Followers 1,330 < 5,000; Engagement 1.4% < 2.0%"
BrosStack,YouTube,258,0.92,Fitness,Not Found,https://www.youtube.com/@brosstack,"gym session, building dream, goal, everyday",Not Found,Not Found,ZA,Not Available,Not Available,1,0.6,FAIL,"Followers 258 < 5,000; Engagement 0.92% < 2.0%"
Built- by-GoshiX ,YouTube,5,0.24,Fitness,Not Found,https://www.youtube.com/@builtbygoshix,"now, still, progress, far",Not Found,Not Found,US,Not Available,Not Available,0,0.0,FAIL,"Followers 5 < 5,000; Engagement 0.24% < 2.0%; Low fitness relevance (0)"
Burn With Chilla,YouTube,4580,1.7,Fitness,Not Found,https://www.youtube.com/@coachchilla,"workout, burn, fat, body",Not Found,Not Found,US,Not Available,Not Available,0,0.9,FAIL,"Followers 4,580 < 5,000; Engagement 1.7% < 2.0%"
BurpeeGirl,YouTube,1510000,2.62,Fitness,burpeegirl.liss@gmail.com,https://www.youtube.com/@burpeegirlliss,"workout, weight loss, dance, knee friendly",https://www.instagram.com/burpeegirl_liss,Not Found,US,Not Available,Not Available,0,0.9,FAIL,"Followers 1,510,000 > 100,000 (not micro)"
CHRIS HERIA,YouTube,5400000,1.98,Fitness,Not Found,https://www.youtube.com/@chrisheria,"streamer university, win streamer, redbullusa, push",https://www.instagram.com/chrisheria,Not Found,US,Not Available,Not Available,2,0.4,FAIL,"Followers 5,400,000 > 100,000 (not micro); Engagement 1.98% < 2.0%"
Caitie June,YouTube,204000,3.33,Fitness,caitiejunecollabs@gmail.com,https://www.youtube.com/@caitiejunefit,"winter arc, upper body, iphone pro, arc prep",https://www.instagram.com/caitiejune_,Not Found,US,Not Available,Not Available,0,0.4,FAIL,"Followers 204,000 > 100,000 (not micro)"
Calimpossible,YouTube,105000,2.72,Fitness,Not Found,https://www.youtube.com/@calimpossible,power calisthenics,Not Found,Not Found,PK,Not Available,Not Available,3,0.8,FAIL,"Followers 105,000 > 100,000 (not micro)"
Calisthenics-X77,YouTube,5440,Not Available,Fitness,Not Found,https://www.youtube.com/@calisthenics-x77,power calisthenics,Not Found,Not Found,IN,Not Available,Not Available,0,1.0,FAIL,Engagement unavailable (likes hidden)
Can Fit,YouTube,5120,0.53,Fitness,Not Found,https://www.youtube.com/@canfit01,"workout home, weight lose, lose workout, home women",Not Found,Not Found,Not Available,Not Available,Not Available,4,1.0,FAIL,Engagement 0.53% < 2.0%
Celine ♡,YouTube,61000,2.23,Fitness,teamceline@fwbtalent.com,https://www.youtube.com/@celinelikedion,"moving, vlog, vancouver, solo",https://www.instagram.com/celinelikedion,Not Found,CA,Not Available,Not Available,3,0.1,FAIL,Low fitness relevance (0.1)
Channel Rush,YouTube,3,0.0,Fitness,Not Found,https://www.youtube.com/@channel_rush,"let learn, learn together, together ukulele, pattern let",Not Found,Not Found,IN,Not Available,Not Available,45,0.4,FAIL,"Followers 3 < 5,000; Engagement 0.0% < 2.0%"
Chantelle Gerber,YouTube,305,1.55,Fitness,chantellelifestyle24@gmail.com,https://www.youtube.com/@lifestylebychantelle,"npc bodybuilding, bodybuilding show, out, haul",Not Found,Not Found,ZA,Not Available,Not Available,8,0.6,FAIL,"Followers 305 < 5,000; Engagement 1.55% < 2.0%"
Cheng Thao,YouTube,2,5.56,Fitness,Not Found,https://www.youtube.com/@cct-q8v,"june december, journey june, fitness journey",Not Found,Not Found,Not Available,Not Available,Not Available,5,1.0,FAIL,"Followers 2 < 5,000"
Chill Pov Guy,YouTube,44100,1.2,Fitness,Not Found,https://www.youtube.com/@chillpovguytv,"life every, rank, every gym",Not Found,Not Found,US,Not Available,Not Available,0,0.2,FAIL,Engagement 1.2% < 2.0%; Low fitness relevance (0.2)
DALAILIFTZ ,YouTube,21,1.23,Fitness,Not Found,https://www.youtube.com/@dalailiftz,"gym, motivation, health, bodybuilding",Not Found,Not Found,IN,Not Available,Not Available,0,1.0,FAIL,"Followers 21 < 5,000; Engagement 1.23% < 2.0%"
Danny Ovens,YouTube,1310,5.41,Fitness,Not Found,https://www.youtube.com/@dannyovens,"our, australia",Not Found,Not Found,GB,Not Available,Not Available,1,0.4,FAIL,"Followers 1,310 < 5,000"
Darksthenics,YouTube,13900,1.53,Fitness,Not Found,https://www.youtube.com/@darksthenics_wk,"progress, calisthenics",Not Found,https://gripzilla.co?bg_ref=TS1XnQsFWV,Not Available,Not Available,Not Available,0,0.9,FAIL,Engagement 1.53% < 2.0%
Desi Gym Fitness,YouTube,3480000,3.11,Fitness,santoshkumarkumarenglis@gmail.com,https://www.youtube.com/@desigymfitness,"home, workout, bigger, beginners",Not Found,Not Found,IN,Not Available,Not Available,5,0.8,FAIL,"Followers 3,480,000 > 100,000 (not micro)"
Different Vasu,YouTube,0,2.38,Fitness,Not Found,https://www.youtube.com/@differentvasu,workout,Not Found,Not Found,Not Available,Not Available,Not Available,57,1.0,FAIL,"Followers 0 < 5,000"
DisciplineFlow,YouTube,3,Not Available,Fitness,Not Found,https://www.youtube.com/@godisciplineflow,guide,Not Found,Not Found,Not Available,Not Available,Not Available,12,0.5,FAIL,"Followers 3 < 5,000; Engagement unavailable (likes hidden)"
Dixit Ji FitMode,YouTube,571,0.99,Fitness,Not Found,https://www.youtube.com/@dixitjifitmode,september,Not Found,Not Found,IN,Not Available,Not Available,3,0.6,FAIL,"Followers 571 < 5,000; Engagement 0.99% < 2.0%"
"Dr. Josh, PT",YouTube,104000,4.83,Fitness,Not Found,https://www.youtube.com/@drjoshpt,"every, stop, pain, feel",https://www.instagram.com/drjoshpt,Not Found,US,Not Available,Not Available,0,0.8,FAIL,"Followers 104,000 > 100,000 (not micro)"
Elevate Legacy,YouTube,140000,3.32,Fitness,elevatelegacybusiness@gmail.com,https://www.youtube.com/@elevatelegacy1,"only exercises, physique, build",Not Found,Not Found,IN,Not Available,Not Available,5,0.4,FAIL,"Followers 140,000 > 100,000 (not micro)"
Elite calisthenics ,YouTube,101,Not Available,Fitness,Not Found,https://www.youtube.com/@ashishgupta-2.0,power calisthenics,Not Found,Not Found,IN,Not Available,Not Available,27,0.8,FAIL,"Followers 101 < 5,000; Engagement unavailable (likes hidden)"
Elnathan Creates,YouTube,5,0.99,Fitness,Not Found,https://www.youtube.com/@elnathancreates,"stay, start, don",Not Found,Not Found,Not Available,Not Available,Not Available,11,0.4,FAIL,"Followers 5 < 5,000; Engagement 0.99% < 2.0%"
Emma Fit,YouTube,47700,1.84,Fitness,Not Found,https://www.youtube.com/@emmafittt,"belly fat, emma fit, workout, standing abs",Not Found,Not Found,US,Not Available,Not Available,1,0.9,FAIL,Engagement 1.84% < 2.0%
Energy Live,YouTube,822,0.83,Fitness,Not Found,https://www.youtube.com/@energylive100,"pack, workout, home, fat",Not Found,Not Found,US,Not Available,Not Available,0,0.7,FAIL,"Followers 822 < 5,000; Engagement 0.83% < 2.0%"
Evette Renee,YouTube,354000,5.77,Fitness,contact@tablerock.com,https://www.youtube.com/@itsevetterenee,"life, vlog, time, hair",https://www.instagram.com/itsevetterenee,Not Found,US,Not Available,Not Available,0,0.2,FAIL,"Followers 354,000 > 100,000 (not micro); Low fitness relevance (0.2)"
FIT CHINESE ,YouTube,8570,1.48,Fitness,Not Found,https://www.youtube.com/@fitchinese1,"exercises, home, workout, floor",Not Found,Not Found,QA,Not Available,Not Available,0,0.9,FAIL,Engagement 1.48% < 2.0%
FITNESS CHANGER,YouTube,4450,2.36,Fitness,Not Found,https://www.youtube.com/@fitnesschanger9a9,"home, equipment, challenge, six pack",Not Found,Not Found,IN,Not Available,Not Available,12,0.7,FAIL,"Followers 4,450 < 5,000"
Feeny's Fitness Journey,YouTube,1690,1.51,Fitness,Not Found,https://www.youtube.com/@feenysfitnessjourney515,"until lbs, treadmill until, steps remain",Not Found,https://bible.com/bible/1/2ti.1.7.KJV,US,Not Available,Not Available,0,0.5,FAIL,"Followers 1,690 < 5,000; Engagement 1.51% < 2.0%"
Fit Arshia,YouTube,7780000,1.46,Fitness,avnish239@gmail.com,https://www.youtube.com/@fit_arshia,Not enough data,Not Found,Not Found,IN,Not Available,Not Available,0,0.1,FAIL,"Followers 7,780,000 > 100,000 (not micro); Engagement 1.46% < 2.0%; Low fitness relevance (0.1)"
Fit Gentlemen,YouTube,41,14.34,Fitness,Not Found,https://www.youtube.com/@fitgentlemen,"fitness, steps challenge, journey, push",Not Found,Not Found,IN,Not Available,Not Available,74,0.7,FAIL,"Followers 41 < 5,000; Inactive: last upload 74 days ago"
Fit With Bekah,YouTube,3910,2.22,Fitness,Not Found,https://www.youtube.com/@fitwithbekah,"back, workout, strong, life",Not Found,Not Found,US,Not Available,Not Available,0,1.0,FAIL,"Followers 3,910 < 5,000"
Fit chines,YouTube,110000,0.93,Fitness,khaniq1w2e3@gmail.com,https://www.youtube.com/@fitchines,"exercises, belly, workout, slim",Not Found,Not Found,AE,Not Available,Not Available,0,1.0,FAIL,"Followers 110,000 > 100,000 (not micro); Engagement 0.93% < 2.0%"
Fit with Najeeb,YouTube,1,4.08,Fitness,Not Found,https://www.youtube.com/@mohd_najeeb_fit_in,"fit najeeb, weight, loss",Not Found,Not Found,Not Available,Not Available,Not Available,34,0.75,FAIL,"Followers 1 < 5,000"
Fitbytes Fusion,YouTube,187000,1.34,Fitness,Not Found,https://www.youtube.com/@fitbytesfusion,"workout, beat, retro, bollywood",Not Found,Not Found,Not Available,Not Available,Not Available,0,0.9,FAIL,"Followers 187,000 > 100,000 (not micro); Engagement 1.34% < 2.0%"
Fitmuscle tv suraj,YouTube,84400,1.34,Fitness,Not Found,https://www.youtube.com/@fitmuscletvsuraj,"daily workout, workout vlog, rel diya, diya jayega",Not Found,Not Found,IN,Not Available,Not Available,0,1.0,FAIL,Engagement 1.34% < 2.0%
Fitnes Gyan ,YouTube,1500,1.23,Fitness,Not Found,https://www.youtube.com/@fitnessk-v2e,"workout women, women abs, waist workout, home waist",Not Found,Not Found,Not Available,Not Available,Not Available,0,1.0,FAIL,"Followers 1,500 < 5,000; Engagement 1.23% < 2.0%"
Fitness  @Studio,YouTube,3720,0.99,Fitness,Not Found,https://www.youtube.com/@fitness_workout_23,"exercises, back, workouts should, wider shoulders",Not Found,Not Found,IN,Not Available,Not Available,0,1.0,FAIL,"Followers 3,720 < 5,000; Engagement 0.99% < 2.0%"
Fitness Academy ,YouTube,4740,2.14,Fitness,Not Found,https://www.youtube.com/@enocfitnessacademy2,"belly fat, workout, burn, try",Not Found,https://ko-fi.com/enocfitnessacademy,AE,Not Available,Not Available,1,0.9,FAIL,"Followers 4,740 < 5,000"
Fitness Club,YouTube,11400,Not Available,Fitness,Not Found,https://www.youtube.com/@fitness_cluub,"workout plan, home workout, chest home, back home",Not Found,Not Found,US,Not Available,Not Available,0,1.0,FAIL,Engagement unavailable (likes hidden)
Fitness Happy Time,YouTube,734000,2.37,Fitness,Not Found,https://www.youtube.com/@fitnesshappytime,"home, simple, waist, exercises",Not Found,Not Found,US,Not Available,Not Available,0,0.7,FAIL,"Followers 734,000 > 100,000 (not micro)"
Fitness Unity Center,YouTube,135000,1.33,Fitness,Not Found,https://www.youtube.com/@fitnessunitycenter,"simple, home, lower back, legs",Not Found,Not Found,US,Not Available,Not Available,0,0.7,FAIL,"Followers 135,000 > 100,000 (not micro); Engagement 1.33% < 2.0%"
Fitness cool ,YouTube,325,3.72,Fitness,Not Found,https://www.youtube.com/@fitness-cool,"vlog, rhi hai",Not Found,Not Found,IN,Not Available,Not Available,0,0.9,FAIL,"Followers 325 < 5,000"
Fitnesswithdezzy,YouTube,6360,1.38,Fitness,Not Found,https://www.youtube.com/@fitnesswithdezzy,"exercises, six pack, pelvic floor, train pelvic",Not Found,Not Found,AE,Not Available,Not Available,0,1.0,FAIL,Engagement 1.38% < 2.0%
Fitzen World ,YouTube,13200,Not Available,Fitness,Not Found,https://www.youtube.com/@fitzenworld,"workout, home, body, pelvic floor",https://www.instagram.com/fitzen_world,Not Found,Not Available,Not Available,Not Available,0,1.0,FAIL,Engagement unavailable (likes hidden)
Freya Whittaker,YouTube,136,1.66,Fitness,Not Found,https://www.youtube.com/@freya_whittakerr,"make, food, ate",Not Found,Not Found,US,Not Available,Not Available,0,0.9,FAIL,"Followers 136 < 5,000; Engagement 1.66% < 2.0%"
Ft Sakshi Dubey ,YouTube,56,1.78,Fitness,Not Found,https://www.youtube.com/@ft_dubey,"shift job, night shift, after night, office",Not Found,Not Found,IN,Not Available,Not Available,0,0.4,FAIL,"Followers 56 < 5,000; Engagement 1.78% < 2.0%"
GABRIEL THENXS,YouTube,154,1.66,Fitness,Not Found,https://www.youtube.com/@gabrielthenxs,"calisthenics, skills, progression, planche",Not Found,Not Found,NG,Not Available,Not Available,1,1.0,FAIL,"Followers 154 < 5,000; Engagement 1.66% < 2.0%"
Gabe Williams,YouTube,7,10.26,Fitness,Not Found,https://www.youtube.com/@gabewilliams1997,Not enough data,https://www.instagram.com/_gabewill,https://www.imdb.com/name/nm14157651/?ref_=ext_shr_lnk,Not Available,Not Available,Not Available,38,1.0,FAIL,"Followers 7 < 5,000"
Gimme Mooreee,YouTube,0,1.32,Fitness,Not Found,https://www.youtube.com/@gimme.mooreee,"trying, routine, creatine",Not Found,Not Found,Not Available,Not Available,Not Available,29,0.5,FAIL,"Followers 0 < 5,000; Engagement 1.32% < 2.0%"
Ginger Adventure Health and Fitness ,YouTube,239,2.2,Fitness,Not Found,https://www.youtube.com/@gingeradventurefitness,"dad, year old, ups, pull",https://www.instagram.com/biggest_little_crave,Not Found,US,Not Available,Not Available,0,0.4,FAIL,"Followers 239 < 5,000"
Gokul Bijuraj,YouTube,173000,4.03,Fitness,Not Found,https://www.youtube.com/@gokulbijurajofficial,"show, vlog, them who, icn hyderabad",Not Found,Not Found,Not Available,Not Available,Not Available,10,0.5,FAIL,"Followers 173,000 > 100,000 (not micro)"
HASfit,YouTube,2290000,2.24,Fitness,Not Found,https://www.youtube.com/@hasfit,"workout, home, training, body",https://www.instagram.com/hasfit_official,Not Found,US,Not Available,Not Available,2,1.0,FAIL,"Followers 2,290,000 > 100,000 (not micro)"
HAZZY EDITzZ,YouTube,497,Not Available,Fitness,Not Found,https://www.youtube.com/@hazzy_editzz,"put, power",Not Found,Not Found,PK,Not Available,Not Available,19,0.1,FAIL,"Followers 497 < 5,000; Engagement unavailable (likes hidden); Low fitness relevance (0.1)"
HUMYOG,YouTube,1060000,1.87,Fitness,Not Found,https://www.youtube.com/@humyog,kidney stone,https://www.instagram.com/humyog,Not Found,IN,Not Available,Not Available,0,0.0,FAIL,"Followers 1,060,000 > 100,000 (not micro); Engagement 1.87% < 2.0%; Low fitness relevance (0)"
Hadi khattar,YouTube,213000,2.86,Fitness,Not Found,https://www.youtube.com/@hkcalisthenics,"ready instagram, instagram coaching, takes, long",https://www.instagram.com/hadi.khattar,Not Found,Not Available,Not Available,Not Available,0,0.7,FAIL,"Followers 213,000 > 100,000 (not micro)"
Hani Sharma ,YouTube,232,0.68,Fitness,Not Found,https://www.youtube.com/@hanisharma99,"step step, weight, push, progression",Not Found,Not Found,IN,Not Available,Not Available,0,0.4,FAIL,"Followers 232 < 5,000; Engagement 0.68% < 2.0%"
Harsh Katkade Fitness,YouTube,676000,4.57,Fitness,harshkatkade7@gmail.com,https://www.youtube.com/@harshfit7,"vlog, healthy",Not Found,Not Found,Not Available,Not Available,Not Available,0,0.4,FAIL,"Followers 676,000 > 100,000 (not micro)"
Heyyy Giggs,YouTube,109000,7.77,Fitness,workwithgiggs@gmail.com,https://www.youtube.com/@heyyygiggs,"mini vlog, vyuk, birthday",https://www.instagram.com/heyyy_giggs,Not Found,Not Available,Not Available,Not Available,0,0.0,FAIL,"Followers 109,000 > 100,000 (not micro); Low fitness relevance (0)"
HomeFit Power,YouTube,4170,0.69,Fitness,Not Found,https://www.youtube.com/@homefitpower125,"body, home, core, moves",Not Found,Not Found,IN,Not Available,Not Available,0,1.0,FAIL,"Followers 4,170 < 5,000; Engagement 0.69% < 2.0%"
Hunter Stein,YouTube,224000,3.36,Fitness,Not Found,https://www.youtube.com/@hunterstein_wk,planche,Not Found,Not Found,Not Available,Not Available,Not Available,0,0.8,FAIL,"Followers 224,000 > 100,000 (not micro)"
Hybrid Athlete 40,YouTube,20500,1.59,Fitness,Not Found,https://www.youtube.com/@hybridathlete40,"calisthenics, gymnastics rings, starting, learned",Not Found,Not Found,US,Not Available,Not Available,0,0.9,FAIL,Engagement 1.59% < 2.0%
Hybrid Calisthenics,YouTube,4470000,4.39,Fitness,Not Found,https://www.youtube.com/@hybridcalisthenics,"pushups, doing",Not Found,Not Found,US,Not Available,Not Available,0,0.7,FAIL,"Followers 4,470,000 > 100,000 (not micro)"
Iron Apex Core,YouTube,250,4.64,Fitness,Not Found,https://www.youtube.com/@ironapexcore,"fitness motivation, train hard, hard fitness, entire body",Not Found,Not Found,IN,Not Available,Not Available,15,0.9,FAIL,"Followers 250 < 5,000"
JASON DAFE,YouTube,27,1.58,Fitness,Not Found,https://www.youtube.com/@jasondafe,"stay lean, eat, lean aesthetic, daily stay",Not Found,Not Found,Not Available,Not Available,Not Available,1,0.7,FAIL,"Followers 27 < 5,000; Engagement 1.58% < 2.0%"
Jay Alisha,YouTube,13500,6.55,Fitness,thejayalisha@gmail.com,https://www.youtube.com/@jay_alisha,"time different, made, jay alisha, alisha live",https://www.instagram.com/thejayalisha,Not Found,Not Available,Not Available,Not Available,0,0.2,FAIL,Low fitness relevance (0.2)
Jayden Steele,YouTube,293,1.19,Fitness,Not Found,https://www.youtube.com/@jaydenssidequests,old,Not Found,Not Found,Not Available,Not Available,Not Available,7,0.1,FAIL,"Followers 293 < 5,000; Engagement 1.19% < 2.0%; Low fitness relevance (0.1)"
Jenn's Diary,YouTube,1,0.97,Fitness,Not Found,https://www.youtube.com/@thejennsdiary,Not enough data,Not Found,Not Found,PH,Not Available,Not Available,25,0.5,FAIL,"Followers 1 < 5,000; Engagement 0.97% < 2.0%"
Jesse James West,YouTube,11100000,1.58,Fitness,mgmt@jessejameswest.com,https://www.youtube.com/@jessejameswest,"rhea ripley, fitness, home",https://www.instagram.com/jessejameswest,https://www.skool.com/teamrelentless/about?ref=f10addd2f7b6419e9ce5ae349b34f280,US,Not Available,Not Available,0,0.5,FAIL,"Followers 11,100,000 > 100,000 (not micro); Engagement 1.58% < 2.0%"
Jillian Gottlieb,YouTube,49300,2.18,Fitness,Not Found,https://www.youtube.com/@jilliangottlieb1,"true, drwallacenozile, drclairewolinsky, dermguru",https://www.instagram.com/jillian.gottlieb,Not Found,US,Not Available,Not Available,1,0.1,FAIL,Low fitness relevance (0.1)
Jonah Pederson,YouTube,65,0.8,Fitness,contact.jonahpederson@protonmail.com,https://www.youtube.com/@jonahpederson,"tutorial, handstand, easy",Not Found,Not Found,US,Not Available,Not Available,0,1.0,FAIL,"Followers 65 < 5,000; Engagement 0.8% < 2.0%"
Joshua Fit,YouTube,157,1.71,Fitness,Not Found,https://www.youtube.com/@joshua_fitt,"push ups, arm, try, still",Not Found,Not Found,US,Not Available,Not Available,0,0.6,FAIL,"Followers 157 < 5,000; Engagement 1.71% < 2.0%"
Journee 2 Wellness,YouTube,35,1.12,Fitness,Not Found,https://www.youtube.com/@journee2wellness,"high protein, workout, weeks, secret",Not Found,Not Found,Not Available,Not Available,Not Available,0,0.5,FAIL,"Followers 35 < 5,000; Engagement 1.12% < 2.0%"
Journey with May,YouTube,546,2.55,Fitness,Not Found,https://www.youtube.com/@journeywithmay4049,"fitness, run",Not Found,Not Found,Not Available,Not Available,Not Available,0,0.7,FAIL,"Followers 546 < 5,000"
Just Being Necey,YouTube,71,1.24,Fitness,Not Found,https://www.youtube.com/@justbeingnecey,"body, recomp",Not Found,Not Found,Not Available,Not Available,Not Available,16,0.2,FAIL,"Followers 71 < 5,000; Engagement 1.24% < 2.0%; Low fitness relevance (0.2)"
JustaKidd,YouTube,29,4.16,Fitness,Not Found,https://www.youtube.com/@justakidd2026,"dog training, training heel, was, but",Not Found,Not Found,Not Available,Not Available,Not Available,5,0.4,FAIL,"Followers 29 < 5,000"
KHAN KA VILOG,YouTube,160,2.96,Fitness,Not Found,https://www.youtube.com/@naseebkhan-x4b,"hey buddy, buddy lite, kabaddi, first",Not Found,Not Found,Not Available,Not Available,Not Available,0,0.57,FAIL,"Followers 160 < 5,000"
KIKI ,YouTube,9610,4.61,Fitness,erikapadilla.collabs@gmail.com,https://www.youtube.com/@erikapadillabonilla,hiiiii,Not Found,Not Found,Not Available,Not Available,Not Available,4,0.1,FAIL,Low fitness relevance (0.1)
Kai Cenat Live,YouTube,16500000,2.03,Fitness,Not Found,https://www.youtube.com/@kaicenatlive,"kai cenat, iceland, his",https://www.instagram.com/kaicenat,Not Found,US,Not Available,Not Available,0,0.0,FAIL,"Followers 16,500,000 > 100,000 (not micro); Low fitness relevance (0)"
KaifGymLife,YouTube,410000,Not Available,Fitness,kreativkaif@gmail.com,https://www.youtube.com/@kaifgymlife,"step, look, height",Not Found,Not Found,IN,Not Available,Not Available,0,0.2,FAIL,"Followers 410,000 > 100,000 (not micro); Engagement unavailable (likes hidden); Low fitness relevance (0.2)"
Karen Berry,YouTube,663,3.24,Fitness,Not Found,https://www.youtube.com/@karenberry1111,"workout, back",Not Found,Not Found,Not Available,Not Available,Not Available,0,1.0,FAIL,"Followers 663 < 5,000"
Khyzz,YouTube,515,1.75,Fitness,khyzz.talent@outlook.com,https://www.youtube.com/@khyzzm,"old vlog, years, tenerife, flew",https://www.instagram.com/khyzzm2,Not Found,GB,Not Available,Not Available,32,0.4,FAIL,"Followers 515 < 5,000; Engagement 1.75% < 2.0%"
Kisha Alejandra,YouTube,461000,2.55,Fitness,kishaencarnacion@gmail.com,https://www.youtube.com/@kishaalejandra,"vlog, ultimate fall, reset, productive",Not Found,Not Found,CA,Not Available,Not Available,0,0.3,FAIL,"Followers 461,000 > 100,000 (not micro)"
Kristy Ann | Fit After 45 ,YouTube,325,1.57,Fitness,Not Found,https://www.youtube.com/@kafitafter45,"time, start, one, more",Not Found,https://www.paypal.me/reclaimyourlife,US,Not Available,Not Available,0,0.7,FAIL,"Followers 325 < 5,000; Engagement 1.57% < 2.0%"
Kulz Fitness,YouTube,43,1.81,Fitness,Not Found,https://www.youtube.com/@kulzfitness,"gym, challenge, ultimate",https://www.instagram.com/kulzfitness,Not Found,IN,Not Available,Not Available,0,1.0,FAIL,"Followers 43 < 5,000; Engagement 1.81% < 2.0%"
Kunal Fitness,YouTube,23,1.45,Fitness,Not Found,https://www.youtube.com/@kunal_fitness_1,"kunal fitness, workout, gym, transform body",Not Found,Not Found,Not Available,Not Available,Not Available,60,1.0,FAIL,"Followers 23 < 5,000; Engagement 1.45% < 2.0%"
Larry Gao,YouTube,589000,2.36,Fitness,Not Found,https://www.youtube.com/@larry_gao,fitness,https://www.instagram.com/larry_gao,https://services.msgsndr.com/urls/l/8Ps6zXSWSm,Not Available,Not Available,Not Available,0,0.2,FAIL,"Followers 589,000 > 100,000 (not micro); Low fitness relevance (0.2)"
Leana Deeb,YouTube,1810000,2.96,Fitness,Not Found,https://www.youtube.com/@leanadeeb,more,Not Found,Not Found,Not Available,Not Available,Not Available,0,0.1,FAIL,"Followers 1,810,000 > 100,000 (not micro); Low fitness relevance (0.1)"
Life with Nive,YouTube,270,5.6,Fitness,Not Found,https://www.youtube.com/@lifewithnive,"vlog, saudi national, riyadh, crispy",Not Found,Not Found,SA,Not Available,Not Available,0,0.0,FAIL,"Followers 270 < 5,000; Low fitness relevance (0)"
Lifestyle and more,YouTube,1,1.53,Fitness,Not Found,https://www.youtube.com/@sunnyslifestylenmore,"fitness journey, eat fitness",Not Found,Not Found,Not Available,Not Available,Not Available,33,1.0,FAIL,"Followers 1 < 5,000; Engagement 1.53% < 2.0%"
Liftwsarah,YouTube,276000,5.69,Fitness,caleb@smallscreenmarketing.com,https://www.youtube.com/@liftwsarah,"muscle, eat, easy",Not Found,https://www.patreon.com/posts/welcome-pookies-146731502,Not Available,Not Available,Not Available,0,0.3,FAIL,"Followers 276,000 > 100,000 (not micro)"
Linds Hampton,YouTube,111,1.14,Fitness,Not Found,https://www.youtube.com/@linds_hamptonn,"start, one, need, meal",Not Found,Not Found,US,Not Available,Not Available,0,0.6,FAIL,"Followers 111 < 5,000; Engagement 1.14% < 2.0%"
Lokesh Kumar,YouTube,1,7.32,Fitness,Not Found,https://www.youtube.com/@lokesh_kumar_1003,Not enough data,Not Found,Not Found,Not Available,Not Available,Not Available,26,1.0,FAIL,"Followers 1 < 5,000"
Lovely Girl Vlogs ,YouTube,3250,3.82,Fitness,Not Found,https://www.youtube.com/@lovelygirl-g,"gym, strong girl, mein, level",Not Found,Not Found,IN,Not Available,Not Available,0,1.0,FAIL,"Followers 3,250 < 5,000"
LuanCalisthenics ,YouTube,1060,2.2,Fitness,Not Found,https://www.youtube.com/@luan_calisthenics,"muscle, hspu",Not Found,Not Found,Not Available,Not Available,Not Available,0,0.9,FAIL,"Followers 1,060 < 5,000"
MAGNETO PROS,YouTube,130000,Not Available,Fitness,ravishkumarravisingh@gmail.com,https://www.youtube.com/@pawansahu777-x4p,"pawan sahu, challange",Not Found,Not Found,IN,Not Available,Not Available,0,0.0,FAIL,"Followers 130,000 > 100,000 (not micro); Engagement unavailable (likes hidden); Low fitness relevance (0)"
MANNU CHAUDHARY ,YouTube,195000,2.66,Fitness,Not Found,https://www.youtube.com/@mannulifts,"workout aarushbhola, national championship, varunyadavlailaa, siwet",Not Found,Not Found,IN,Not Available,Not Available,2,0.3,FAIL,"Followers 195,000 > 100,000 (not micro)"
MRLONDON,YouTube,2850000,3.23,Fitness,Not Found,https://www.youtube.com/@mrlondontv,"saggy glutes, menopause, have saggy, watch",Not Found,Not Found,GB,Not Available,Not Available,1,0.1,FAIL,"Followers 2,850,000 > 100,000 (not micro); Low fitness relevance (0.1)"
MYTHU VLOGS,YouTube,468000,2.64,Fitness,reachtomythuvlogs@gmail.com,https://www.youtube.com/@mythu_vlogs,"ippo, romba easy, rendu, surprise",Not Found,Not Found,IN,Not Available,Not Available,0,0.0,FAIL,"Followers 468,000 > 100,000 (not micro); Low fitness relevance (0)"
M_K,YouTube,172,1.02,Fitness,Not Found,https://www.youtube.com/@ittoathlete,"years old, press handstand, age, still",Not Found,Not Found,Not Available,Not Available,Not Available,0,0.2,FAIL,"Followers 172 < 5,000; Engagement 1.02% < 2.0%; Low fitness relevance (0.2)"
Malcolm Benjamin,YouTube,1510,3.05,Fitness,Not Found,https://www.youtube.com/@bmalcolm21,"start after, haircut fresh, fresh start, dark times",Not Found,Not Found,US,Not Available,Not Available,0,0.1,FAIL,"Followers 1,510 < 5,000; Low fitness relevance (0.1)"
Manpreet_dhamrait Fitness,YouTube,7320,1.45,Fitness,Not Found,https://www.youtube.com/@manpreet_dhamrait,"motivation, workout, gym, vlog",Not Found,Not Found,Not Available,Not Available,Not Available,2,0.8,FAIL,Engagement 1.45% < 2.0%
Mario Tomic,YouTube,478000,2.47,Fitness,Not Found,https://www.youtube.com/@mariotomicofficial,"fat, reality check, these, skinny",Not Found,Not Found,US,Not Available,Not Available,0,0.2,FAIL,"Followers 478,000 > 100,000 (not micro); Low fitness relevance (0.2)"
Md sameer,YouTube,189,Not Available,Fitness,www.mdsameeroffical4166@gmail.com,https://www.youtube.com/@liftlegendindia,"transformation challenge, workout, building stronger, intense leg",https://www.instagram.com/shredwith_sam,Not Found,IN,Not Available,Not Available,0,0.7,FAIL,"Followers 189 < 5,000; Engagement unavailable (likes hidden)"
Melissa Molfetto,YouTube,92,1.52,Fitness,melissexplainsstuff@gmail.com,https://www.youtube.com/@meliss_explains_stuff,"weight loss, loss journey, grand prix, spanish grand",Not Found,Not Found,Not Available,Not Available,Not Available,3,0.3,FAIL,"Followers 92 < 5,000; Engagement 1.52% < 2.0%"
Mia Grwmia.o,YouTube,10900,8.3,Fitness,Not Found,https://www.youtube.com/@miagrwmia.o,"routine, school, ready, happy",Not Found,Not Found,Not Available,Not Available,Not Available,0,0.0,FAIL,Low fitness relevance (0)
Mia Mendes ,YouTube,110000,2.88,Fitness,contact@socialsbymendes.com,https://www.youtube.com/@bymiamendes,"weight, press, lift, leg",Not Found,Not Found,Not Available,Not Available,Not Available,0,0.3,FAIL,"Followers 110,000 > 100,000 (not micro)"
Mitali This Side!!,YouTube,1430000,3.84,Fitness,work.mitalithisside@gmail.com,https://www.youtube.com/@mitalithisside,"life, content creator, work, mumbai",https://www.instagram.com/mitali.this.side,https://www.mitalithisside.com/,IN,Not Available,Not Available,0,0.1,FAIL,"Followers 1,430,000 > 100,000 (not micro); Low fitness relevance (0.1)"
MoneywithSwAbi,YouTube,19600,0.58,Fitness,Not Found,https://www.youtube.com/@moneywithswabi,"high paying, mistake, make, financial",Not Found,Not Found,US,Not Available,Not Available,0,0.1,FAIL,Engagement 0.58% < 2.0%; Low fitness relevance (0.1)
Moni&Mapla Kadhal Cuts ,YouTube,88600,1.21,Fitness,Not Found,https://www.youtube.com/@monimapla,"mmk cuts, surprise, old memories, mmkc",Not Found,Not Found,AE,Not Available,Not Available,1,0.0,FAIL,Engagement 1.21% < 2.0%; Low fitness relevance (0)
MonikaFit,YouTube,435000,Not Available,Fitness,Not Found,https://www.youtube.com/@monikafitt,"workout, body, warm cool, down included",Not Found,Not Found,GB,Not Available,Not Available,2,1.0,FAIL,"Followers 435,000 > 100,000 (not micro); Engagement unavailable (likes hidden)"
Mr Nikhil,YouTube,9410,Not Available,Fitness,nmodi5708@gmail.com,https://www.youtube.com/@mrnikhil3030,"calisthenics, build, winter arc, discipline roadmap",Not Found,Not Found,IN,Not Available,Not Available,1,1.0,FAIL,Engagement unavailable (likes hidden)
Mukbang Pari,YouTube,702000,1.53,Fitness,mukbangpari@gmail.com,https://www.youtube.com/@mukbangpari,"spicy, noodles, mukbang, massive",https://www.instagram.com/realmukbangpari,Not Found,IN,Not Available,Not Available,3,0.1,FAIL,"Followers 702,000 > 100,000 (not micro); Engagement 1.53% < 2.0%; Low fitness relevance (0.1)"
MultiOut,YouTube,2120000,Not Available,Fitness,multiout16@gmail.com,https://www.youtube.com/@multiout-divpk,"calisthenics, unlock, learn, kya",Not Found,Not Found,IN,Not Available,Not Available,0,0.5,FAIL,"Followers 2,120,000 > 100,000 (not micro); Engagement unavailable (likes hidden)"
N.K Sahil,YouTube,63200,0.89,Fitness,Not Found,https://www.youtube.com/@n.ksahil2724,"khan, wahaj ali, mitti baway, ali mahira",Not Found,Not Found,PK,Not Available,Not Available,0,0.0,FAIL,Engagement 0.89% < 2.0%; Low fitness relevance (0)
NEVER UNFIT,YouTube,2700,1.81,Fitness,gabbar00152@gmail.com,https://www.youtube.com/@never_unfit,"home workout, workout plan, winter arc, transformation",Not Found,Not Found,IN,Not Available,Not Available,0,0.5,FAIL,"Followers 2,700 < 5,000; Engagement 1.81% < 2.0%"
Narsinghvlogs,YouTube,24,1.01,Fitness,Not Found,https://www.youtube.com/@narsinghvlogs,"fitness journey, mein, aaj, shivam ghumane",https://www.instagram.com/narsinghvlogs,Not Found,IN,Not Available,Not Available,0,0.4,FAIL,"Followers 24 < 5,000; Engagement 1.01% < 2.0%"
Olivia Adams688,YouTube,255000,0.15,Fitness,Not Found,https://www.youtube.com/@oliviaadams688,Not enough data,Not Found,Not Found,US,Not Available,Not Available,16,0.0,FAIL,"Followers 255,000 > 100,000 (not micro); Engagement 0.15% < 2.0%; Low fitness relevance (0)"
Ordinary athlete,YouTube,19700,1.69,Fitness,ordinaryathlete08@gmail.com,https://www.youtube.com/@ordinaryathlete08,"body, workout, home, movements",https://www.instagram.com/ordinaryathlete_,Not Found,IN,Not Available,Not Available,0,0.7,FAIL,Engagement 1.69% < 2.0%
PRINCE MAHINDRA YADAV,YouTube,3130,2.23,Fitness,Not Found,https://www.youtube.com/@princekingdom828,"birthday, yadav",Not Found,Not Found,Not Available,Not Available,Not Available,4,0.3,FAIL,"Followers 3,130 < 5,000"
Paras_fitlog,YouTube,259,1.84,Fitness,Not Found,https://www.youtube.com/@paras_fitlog,"fitness, motivation, yourself, when",Not Found,Not Found,IN,Not Available,Not Available,7,0.8,FAIL,"Followers 259 < 5,000; Engagement 1.84% < 2.0%"
Paulina Roquett,YouTube,616000,3.04,Fitness,Not Found,https://www.youtube.com/@calisthenics.bypaulina,"couldn believe, was, need, gym",Not Found,Not Found,GB,Not Available,Not Available,1,1.0,FAIL,"Followers 616,000 > 100,000 (not micro)"
Pawan Sahu,YouTube,27700000,4.28,Fitness,xmanish766@email.com,https://www.youtube.com/@pawansahu777,"hai, comment",Not Found,Not Found,IN,Not Available,Not Available,4,0.0,FAIL,"Followers 27,700,000 > 100,000 (not micro); Low fitness relevance (0)"
Percival John Runs,YouTube,25,0.68,Fitness,Not Found,https://www.youtube.com/@percivaljohn,"fitness journey, run, progress, nike alphafly",Not Found,Not Found,Not Available,Not Available,Not Available,85,0.5,FAIL,"Followers 25 < 5,000; Engagement 0.68% < 2.0%; Inactive: last upload 85 days ago"
PooniaPulse,YouTube,178,Not Available,Fitness,Not Found,https://www.youtube.com/@pooniapulse,"vlog, hospital, fitness, weight loss",Not Found,Not Found,IN,Not Available,Not Available,77,0.5,FAIL,"Followers 178 < 5,000; Engagement unavailable (likes hidden); Inactive: last upload 77 days ago"
Popsah,YouTube,645,2.0,Fitness,Not Found,https://www.youtube.com/@popsah1,"fitness challenge, challenge update, uber lyft",Not Found,Not Found,Not Available,Not Available,Not Available,23,0.6,FAIL,"Followers 645 < 5,000"
Punam Jakhar,YouTube,61,0.98,Fitness,Not Found,https://www.youtube.com/@punam_jakhar,september,Not Found,Not Found,Not Available,Not Available,Not Available,2,0.0,FAIL,"Followers 61 < 5,000; Engagement 0.98% < 2.0%; Low fitness relevance (0)"
Pure Exercise,YouTube,89900,1.68,Fitness,Not Found,https://www.youtube.com/@pureexercise,"moves, these, home, every",Not Found,Not Found,US,Not Available,Not Available,0,0.4,FAIL,Engagement 1.68% < 2.0%
Rachel,YouTube,31,4.77,Fitness,Not Found,https://www.youtube.com/@rachiereviews,"fourth wing, wow, worth, postpartum",Not Found,Not Found,Not Available,Not Available,Not Available,69,0.2,FAIL,"Followers 31 < 5,000; Inactive: last upload 69 days ago; Low fitness relevance (0.2)"
RahulSthetic,YouTube,4710,1.96,Fitness,rahulmali071608@gmail.com,https://www.youtube.com/@rahulsthetic,"pull, calisthenics, ups, slovic",Not Found,Not Found,IN,Not Available,Not Available,2,1.0,FAIL,"Followers 4,710 < 5,000; Engagement 1.96% < 2.0%"
Rahulfitnessmotovlog24,YouTube,128,1.15,Fitness,Not Found,https://www.youtube.com/@rahulmotovlog24,"rahulfitnessmotovlog, workout, training, shoulder",Not Found,Not Found,IN,Not Available,Not Available,0,1.0,FAIL,"Followers 128 < 5,000; Engagement 1.15% < 2.0%"
Rajveer Fitness Series,YouTube,3100000,1.96,Fitness,rajveerfitness@gmail.com,https://www.youtube.com/@rajveerfitnessseries,"workout, sahil, mei, legs",Not Found,Not Found,IN,Not Available,Not Available,0,0.5,FAIL,"Followers 3,100,000 > 100,000 (not micro); Engagement 1.96% < 2.0%"
Raushan Fitness,YouTube,353000,3.76,Fitness,raushanfitness5@gmail.com,https://www.youtube.com/@raushanfitness-9,"upload after, after issue",Not Found,Not Found,IN,Not Available,Not Available,0,1.0,FAIL,"Followers 353,000 > 100,000 (not micro)"
RayFiTGuy ,YouTube,21000,1.93,Fitness,senyo0167@gmail.com,https://www.youtube.com/@rayfitguy1,"home, try, workout, these",Not Found,Not Found,Not Available,Not Available,Not Available,1,1.0,FAIL,Engagement 1.93% < 2.0%
Repnivo,YouTube,30,2.5,Fitness,Not Found,https://www.youtube.com/@repnivo,"workout, home, exercises, body",Not Found,Not Found,Not Available,Not Available,Not Available,11,1.0,FAIL,"Followers 30 < 5,000"
Reshmi Fit,YouTube,187000,3.17,Fitness,Not Found,https://www.youtube.com/@reshmifit-od3nw,"shortvideo viralvideo, gym, motivation shortvideo, workout",Not Found,Not Found,IN,Not Available,Not Available,0,1.0,FAIL,"Followers 187,000 > 100,000 (not micro)"
Rezga_Youcef_ officiel,YouTube,2990,1.32,Fitness,rezgayoucef35@gmail.com,https://www.youtube.com/@rezga_youcef_officiel,"youcef officiel, rezga youcef, freestyle football, football rezga",https://www.instagram.com/rezga_youcef_officiel,Not Found,FR,Not Available,Not Available,1,0.2,FAIL,"Followers 2,990 < 5,000; Engagement 1.32% < 2.0%; Low fitness relevance (0.2)"
Roam with Abi,YouTube,190,1.87,Fitness,Not Found,https://www.youtube.com/@roamwithaby,"run, ottawa, caf",Not Found,Not Found,CA,Not Available,Not Available,0,0.3,FAIL,"Followers 190 < 5,000; Engagement 1.87% < 2.0%"
Rohith Thulasi Das,YouTube,28,5.21,Fitness,Not Found,https://www.youtube.com/@rohiththulasidas3819,"ups, better form, muscle, climbing",Not Found,Not Found,Not Available,Not Available,Not Available,4,0.7,FAIL,"Followers 28 < 5,000"
Rowan Row,YouTube,2320000,2.38,Fitness,info@rowanrow.com,https://www.youtube.com/@rowanrow,"rowan row, workout, equipment rowan, body",https://www.instagram.com/rowanrow,Not Found,GB,Not Available,Not Available,2,0.9,FAIL,"Followers 2,320,000 > 100,000 (not micro)"
Run_Santanu_400M,YouTube,5450,Not Available,Fitness,Not Found,https://www.youtube.com/@run_santanu_400,"running techniques, hurdles technique",Not Found,Not Found,IN,Not Available,Not Available,0,0.8,FAIL,Engagement unavailable (likes hidden)
Sagarfitx,YouTube,16,Not Available,Fitness,Not Found,https://www.youtube.com/@sagarfitx-v,"year old, workout beast, old calisthenics, calisthenics progress",Not Found,Not Found,IN,Not Available,Not Available,0,1.0,FAIL,"Followers 16 < 5,000; Engagement unavailable (likes hidden)"
Saket Gokhale,YouTube,2190000,4.28,Fitness,Not Found,https://www.youtube.com/@saketgokhalevlogs,"mini vlog, vlog legs, vlog ganesh, ganesh chaturthi",Not Found,Not Found,IN,Not Available,Not Available,0,0.0,FAIL,"Followers 2,190,000 > 100,000 (not micro); Low fitness relevance (0)"
Sanjay kumar jha ,YouTube,244000,2.35,Fitness,Not Found,https://www.youtube.com/@sanjaykumarjha09,"abs workouts, very, some",Not Found,Not Found,IN,Not Available,Not Available,0,0.3,FAIL,"Followers 244,000 > 100,000 (not micro)"
Saranxh,YouTube,1670000,2.98,Fitness,mailsaranxh@gmail.com,https://www.youtube.com/@saranxh,"russia, gym, charlie",Not Found,Not Found,IN,Not Available,Not Available,1,0.2,FAIL,"Followers 1,670,000 > 100,000 (not micro); Low fitness relevance (0.2)"
Sass Fitness ,YouTube,15300,1.23,Fitness,Not Found,https://www.youtube.com/@sassfitness,"workout, pour, every",Not Found,Not Found,ZA,Not Available,Not Available,0,0.8,FAIL,Engagement 1.23% < 2.0%
Satyam Choudhury,YouTube,73,1.04,Fitness,Not Found,https://www.youtube.com/@satyamfitnes-w5c,"middle class, just average, family boy, class family",Not Found,Not Found,Not Available,Not Available,Not Available,0,0.9,FAIL,"Followers 73 < 5,000; Engagement 1.04% < 2.0%"
Savannah,YouTube,8,1.79,Fitness,Not Found,https://www.youtube.com/@fit.w.savannahh,story,Not Found,Not Found,Not Available,Not Available,Not Available,1,0.57,FAIL,"Followers 8 < 5,000; Engagement 1.79% < 2.0%"
SavannahsNotebook,YouTube,104,4.46,Fitness,savannahsnotebookstudio@gmail.com,https://www.youtube.com/@savannahsnotebook,"shape, like, fun, chapter",Not Found,Not Found,CA,Not Available,Not Available,3,0.1,FAIL,"Followers 104 < 5,000; Low fitness relevance (0.1)"
Scottmullinsfitness,YouTube,250,1.33,Fitness,Not Found,https://www.youtube.com/@scottmullinsfitness,"build muscle, dumbbells, burpees",Not Found,Not Found,US,Not Available,Not Available,2,0.9,FAIL,"Followers 250 < 5,000; Engagement 1.33% < 2.0%"
Self Forge,YouTube,2680,2.8,Fitness,Not Found,https://www.youtube.com/@selfforge-e5c,"which, skills ranked, calisthenics skills, steps",Not Found,Not Found,US,Not Available,Not Available,0,0.8,FAIL,"Followers 2,680 < 5,000"
Shanthi Kasiraj,YouTube,642000,1.32,Fitness,Not Found,https://www.youtube.com/@shanthikasiraj,"home workout, belly fat, workout women, strength training",Not Found,Not Found,IN,Not Available,Not Available,0,0.7,FAIL,"Followers 642,000 > 100,000 (not micro); Engagement 1.32% < 2.0%"
Sharonmaa Fitness & Lifestyle,YouTube,1220,3.44,Fitness,Not Found,https://www.youtube.com/@sharonmaafitnesslifestyle,"workout, stronger, lower body, gym",Not Found,Not Found,SE,Not Available,Not Available,0,0.6,FAIL,"Followers 1,220 < 5,000"
Sheeru's Dining,YouTube,246000,4.62,Fitness,sheerusdining@gmail.com,https://www.youtube.com/@sheerusdining,"vlog sheerusdining, mini vlog, lunch mini, recipe lunch",Not Found,Not Found,IN,Not Available,Not Available,2,0.0,FAIL,"Followers 246,000 > 100,000 (not micro); Low fitness relevance (0)"
Shreya&Shweta,YouTube,1410000,3.96,Fitness,workshreyashweta@gmail.com,https://www.youtube.com/@shreyashweta158,"shortsviral, adayinmylife, minivlog",Not Found,Not Found,IN,Not Available,Not Available,0,0.0,FAIL,"Followers 1,410,000 > 100,000 (not micro); Low fitness relevance (0)"
Shyamlal dhurve,YouTube,34000,Not Available,Fitness,Not Found,https://www.youtube.com/@shyamfitness8817,"skills, most, master, easy",Not Found,Not Found,IN,Not Available,Not Available,0,1.0,FAIL,Engagement unavailable (likes hidden)
Simply Yosh,YouTube,244000,0.95,Fitness,Not Found,https://www.youtube.com/@simplyyosh,"nag, mommy, ang, alex",Not Found,Not Found,PH,Not Available,Not Available,0,0.0,FAIL,"Followers 244,000 > 100,000 (not micro); Engagement 0.95% < 2.0%; Low fitness relevance (0)"
Sofia Sinitsina,YouTube,25800,3.93,Fitness,prssinitsinaa@gmail.com,https://www.youtube.com/@ssinitsinaa,Not enough data,Not Found,Not Found,RU,Not Available,Not Available,1,0.0,FAIL,Low fitness relevance (0)
Sohail Gill,YouTube,738,7.64,Fitness,Not Found,https://www.youtube.com/@mrgillsahab,"fat loss, transformation, results, fitness journey",Not Found,Not Found,Not Available,Not Available,Not Available,22,0.7,FAIL,"Followers 738 < 5,000"
Solokook,YouTube,88300,5.44,Fitness,Not Found,https://www.youtube.com/@mainpopboyjeon2,"handsome, cute, jungkook",Not Found,Not Found,Not Available,Not Available,Not Available,0,0.0,FAIL,Low fitness relevance (0)
Sourav Joshi Vlogs,YouTube,42000000,2.53,Fitness,officialsouravjoshivlogs@gmail.com,https://www.youtube.com/@souravjvlogs,"defender, avantika, finally, delivery",https://www.instagram.com/souravjoshivlogs,Not Found,IN,Not Available,Not Available,0,0.0,FAIL,"Followers 42,000,000 > 100,000 (not micro); Low fitness relevance (0)"
SplitsOnTheSide,YouTube,11500,1.78,Fitness,ken@splitsontheside.com,https://www.youtube.com/@splitsontheside,"mobility, workout, hip, splits training",Not Found,Not Found,US,Not Available,Not Available,0,1.0,FAIL,Engagement 1.78% < 2.0%
Sravan Balivada,YouTube,24100,1.91,Fitness,Not Found,https://www.youtube.com/@telugufitnesscoach,"fat loss, workout, try, these",Not Found,https://sbftribe.com/sravanbfit,Not Available,Not Available,Not Available,0,0.4,FAIL,Engagement 1.91% < 2.0%
Stacey | Fitness & Lifestyle,YouTube,42,6.13,Fitness,s.wallace@dreamvacations.com,https://www.youtube.com/@myactivelife_lifestyle,"workouts, mobility run, lower body, abs mobility",Not Found,Not Found,US,Not Available,Not Available,14,1.0,FAIL,"Followers 42 < 5,000"
Street Workout,YouTube,315,3.95,Fitness,Not Found,https://www.youtube.com/@streetworkout_n,"calisthenics, year, step, skill",https://www.instagram.com/unfolded_strength,Not Found,Not Available,Not Available,Not Available,0,0.6,FAIL,"Followers 315 < 5,000"
Study Rath 101,YouTube,1840,2.58,Fitness,Not Found,https://www.youtube.com/@studyrath101,"workout, home, body, ssb rtc",Not Found,Not Found,IN,Not Available,Not Available,0,0.7,FAIL,"Followers 1,840 < 5,000"
Sugii,YouTube,9430,0.95,Fitness,Not Found,https://www.youtube.com/@sugiisfit,"pull ups, muscle, don understand, weighted",Not Found,Not Found,GB,Not Available,Not Available,3,0.8,FAIL,Engagement 0.95% < 2.0%
Surjya Chakma,YouTube,12,1.84,Fitness,Not Found,https://www.youtube.com/@surjyachakma-v8m,"progress, calisthenics",Not Found,Not Found,Not Available,Not Available,Not Available,15,1.0,FAIL,"Followers 12 < 5,000; Engagement 1.84% < 2.0%"
Surya Blackfitness,YouTube,9510,1.07,Fitness,Not Found,https://www.youtube.com/@suryablackfitness,"body, workout, home, gym",Not Found,Not Found,IN,Not Available,Not Available,0,0.9,FAIL,Engagement 1.07% < 2.0%
THE GYM SM,YouTube,310000,3.2,Fitness,Not Found,https://www.youtube.com/@thegymsm,"workout, want abs, train like, like want",Not Found,Not Found,IN,Not Available,Not Available,0,1.0,FAIL,"Followers 310,000 > 100,000 (not micro)"
TUSHAR PAWAR VLOGS ,YouTube,82,8.97,Fitness,Not Found,https://www.youtube.com/@glorious_tushar_vlogs,"vlog, daily, aaj, guess challenge",Not Found,Not Found,IN,Not Available,Not Available,1,0.0,FAIL,"Followers 82 < 5,000; Low fitness relevance (0)"
Tee Mora,YouTube,50,2.37,Fitness,Not Found,https://www.youtube.com/@teemoraaaa,"workout, hard, all",Not Found,Not Found,Not Available,Not Available,Not Available,1,0.3,FAIL,"Followers 50 < 5,000"
The Aakash Saxena ,YouTube,19200,Not Available,Fitness,Not Found,https://www.youtube.com/@the_aakashsaxena,"try, challenge, tutorial, yoga",Not Found,Not Found,IN,Not Available,Not Available,0,1.0,FAIL,Engagement unavailable (likes hidden)
The Red Delta Project,YouTube,164000,2.56,Fitness,Not Found,https://www.youtube.com/@reddeltaproject,"more, way auto, reliable way, regulate workouts",Not Found,Not Found,US,Not Available,Not Available,0,0.6,FAIL,"Followers 164,000 > 100,000 (not micro)"
The Shiv Vlogs,YouTube,323,0.92,Fitness,shivchauhan1018@gmail.com,https://www.youtube.com/@theshivvogs33,"theshivvlogs, minivlog, funny, workout",Not Found,Not Found,IN,Not Available,Not Available,0,0.2,FAIL,"Followers 323 < 5,000; Engagement 0.92% < 2.0%; Low fitness relevance (0.2)"
TheGreat RakaRama,YouTube,19,1.02,Fitness,Not Found,https://www.youtube.com/@thegreatrakarama,"challenge, month progress, first month, progress fitness",Not Found,Not Found,Not Available,Not Available,Not Available,28,0.8,FAIL,"Followers 19 < 5,000; Engagement 1.02% < 2.0%"
The_Fitness_home,YouTube,29100,2.59,Fitness,Not Found,https://www.youtube.com/@the_fitness_home,"home, fat, workout, loss",Not Found,Not Found,Not Available,Not Available,Not Available,63,1.0,FAIL,Inactive: last upload 63 days ago
Thoroughbredphotography123,YouTube,430,1.53,Fitness,Not Found,https://www.youtube.com/@thoroughbredphotography123,"upper body, body strength, build upper, ups",Not Found,https://a.co/d/hahXEOq,Not Available,Not Available,Not Available,0,0.9,FAIL,"Followers 430 < 5,000; Engagement 1.53% < 2.0%"
Thrift Flip Sisters,YouTube,70800,7.92,Fitness,Not Found,https://www.youtube.com/@thriftflipsisters,"thrift, store, moana costumes, disney",Not Found,Not Found,US,Not Available,Not Available,1,0.1,FAIL,Low fitness relevance (0.1)
Tim: Reborn,YouTube,82,0.84,Fitness,Not Found,https://www.youtube.com/@freedomathlete,"tim diet, diet tip, weekly check, journey weekly",Not Found,Not Found,US,Not Available,Not Available,1,0.9,FAIL,"Followers 82 < 5,000; Engagement 0.84% < 2.0%"
Too old to quit,YouTube,3,1.96,Fitness,Not Found,https://www.youtube.com/@toooldtoquit67,"too old, old quit, today, one",Not Found,Not Found,Not Available,Not Available,Not Available,61,0.17,FAIL,"Followers 3 < 5,000; Engagement 1.96% < 2.0%; Inactive: last upload 61 days ago; Low fitness relevance (0.17)"
Trainwithanas.x,YouTube,1640,2.2,Fitness,Not Found,https://www.youtube.com/@trainwithanas.x,"hyderabad, september",https://www.instagram.com/syedanas793,Not Found,IN,Not Available,Not Available,23,0.2,FAIL,"Followers 1,640 < 5,000; Low fitness relevance (0.2)"
Tyfu_ng ,YouTube,1300000,2.43,Fitness,Not Found,https://www.youtube.com/@ty_young_life,"workout, home, hiit cardio, cardio body",Not Found,Not Found,ZA,Not Available,Not Available,0,0.9,FAIL,"Followers 1,300,000 > 100,000 (not micro)"
Tyla Renee,YouTube,3100,1.46,Fitness,wellnesswithtyla@gmail.com,https://www.youtube.com/@wellnesswithtyla,"weekly vlog, planning routines, journey planning, fitness journey",https://www.instagram.com/wellnesswithtyla,Not Found,Not Available,Not Available,Not Available,2,0.4,FAIL,"Followers 3,100 < 5,000; Engagement 1.46% < 2.0%"
Unchained AthletiX,YouTube,224000,3.11,Fitness,Not Found,https://www.youtube.com/@unchained_sw,"pushups, power twister, build shoulders, really",Not Found,Not Found,IN,Not Available,Not Available,0,0.6,FAIL,"Followers 224,000 > 100,000 (not micro)"
Unpolished Wellness ,YouTube,55,4.86,Fitness,Not Found,https://www.youtube.com/@unpolished-wellness,"tried fat, loss plan, getting back, fat loss",Not Found,Not Found,US,Not Available,Not Available,0,0.3,FAIL,"Followers 55 < 5,000"
V,YouTube,48100,2.65,Fitness,ashishmeht0735@gmail.com,https://www.youtube.com/@v_jooniee,"taehyung, jungkook, his, cute",Not Found,Not Found,Not Available,Not Available,Not Available,0,0.0,FAIL,Low fitness relevance (0)
Vaibhavi Thakur,YouTube,398000,3.52,Fitness,vaibhavithakur.official@gmail.com,https://www.youtube.com/@vaibhavithakur.official,"weight, savana, marathi, loss challenge",Not Found,Not Found,IN,Not Available,Not Available,0,0.4,FAIL,"Followers 398,000 > 100,000 (not micro)"
Vampzi,YouTube,72300,6.05,Fitness,Not Found,https://www.youtube.com/@vampzi_edit,"vampo, vampire",Not Found,Not Found,Not Available,Not Available,Not Available,0,0.0,FAIL,Low fitness relevance (0)
Vandana Vishwakarma,YouTube,15500,Not Available,Fitness,Not Found,https://www.youtube.com/@vandana_wishwakarma,"workout home, back workout, arms, simple exercises",Not Found,Not Found,IN,Not Available,Not Available,0,1.0,FAIL,Engagement unavailable (likes hidden)
Vedant choudhary,YouTube,65200,7.13,Fitness,work.vedant.choudhary@gmail.com,https://www.youtube.com/@vedant.choudhary,loop,https://www.instagram.com/choudharyvedant,Not Found,Not Available,Not Available,Not Available,1,0.2,FAIL,Low fitness relevance (0.2)
Velo Viking,YouTube,268,4.02,Fitness,Not Found,https://www.youtube.com/@veloviking,"journey back, back fitness, gravel, bike",Not Found,Not Found,NO,Not Available,Not Available,31,0.3,FAIL,"Followers 268 < 5,000"
Vikash Disouriya,YouTube,237,Not Available,Fitness,Not Found,https://www.youtube.com/@titanium_fitness_boy,"workout vlog, vlog titanium, titanium fitness, home workout",Not Found,Not Found,Not Available,Not Available,Not Available,0,1.0,FAIL,"Followers 237 < 5,000; Engagement unavailable (likes hidden)"
Viktor Kamenov Official,YouTube,43500,1.71,Fitness,Not Found,https://www.youtube.com/@viktorkamenov,"tip, planche, doing",Not Found,Not Found,Not Available,Not Available,Not Available,0,0.2,FAIL,Engagement 1.71% < 2.0%; Low fitness relevance (0.2)
Vinod Weight Loss ,YouTube,1160000,2.15,Fitness,Not Found,https://www.youtube.com/@vinodweightloss,"fat, belly",https://www.instagram.com/vinod_weight_loss_academy,Not Found,IN,Not Available,Not Available,0,0.7,FAIL,"Followers 1,160,000 > 100,000 (not micro)"
Vishal R Panchal,YouTube,22900,0.99,Fitness,Not Found,https://www.youtube.com/@vishalrpanchal,"gain, muscle, home, workout",Not Found,Not Found,IN,Not Available,Not Available,7,0.9,FAIL,Engagement 0.99% < 2.0%
Vital Burn,YouTube,20000,1.19,Fitness,Not Found,https://www.youtube.com/@vitalburn9,"core, workout home, lower back, home beginner",Not Found,Not Found,IN,Not Available,Not Available,0,1.0,FAIL,Engagement 1.19% < 2.0%
Vlad Lesyk,YouTube,9670,1.94,Fitness,Not Found,https://www.youtube.com/@vladysthenics,"one, year, most, important",Not Found,https://whop.com/checkout/plan_pxXaMYvIGOwGC,Not Available,Not Available,Not Available,0,0.4,FAIL,Engagement 1.94% < 2.0%
VoidThenics,YouTube,344,2.26,Fitness,voidthenics948@gmail.com,https://www.youtube.com/@voidthenicsedit,"power calisthenics, bmw",Not Found,Not Found,US,Not Available,Not Available,31,0.9,FAIL,"Followers 344 < 5,000"
WORKOUT WITH GINA,YouTube,256000,2.4,Fitness,Not Found,https://www.youtube.com/@workoutwithgina,"glute workout, stay, routine, off",Not Found,Not Found,CA,Not Available,Not Available,7,0.8,FAIL,"Followers 256,000 > 100,000 (not micro)"
XTREME FITNESS ,YouTube,976000,1.09,Fitness,williammorumbe@gmail.com,https://www.youtube.com/@xtremefitnesi,"home, workout, posture, exercises",Not Found,https://vidiq.com/XtremeFitness,QA,Not Available,Not Available,0,0.9,FAIL,"Followers 976,000 > 100,000 (not micro); Engagement 1.09% < 2.0%"
YBDC🆔🥶,YouTube,313,2.18,Fitness,Not Found,https://www.youtube.com/@99believe,"myself, beautiful",Not Found,Not Found,Not Available,Not Available,Not Available,0,0.2,FAIL,"Followers 313 < 5,000; Low fitness relevance (0.2)"
Yash Anand,YouTube,2080000,2.2,Fitness,theyashanand.work@gmail.com,https://www.youtube.com/@theyashanand,"yash anand, tour, gym, california",Not Found,Not Found,IN,Not Available,Not Available,0,0.3,FAIL,"Followers 2,080,000 > 100,000 (not micro)"
Yog with Komal,YouTube,4240,1.29,Fitness,Not Found,https://www.youtube.com/@yogwithkomal,"body, balance, yoga, yog komal",Not Found,Not Found,IN,Not Available,Not Available,0,0.8,FAIL,"Followers 4,240 < 5,000; Engagement 1.29% < 2.0%"
Yoga With Kamya,YouTube,876000,1.76,Fitness,Not Found,https://www.youtube.com/@yogawithkamya_,"exercises, yoga, routine, relief",Not Found,Not Found,IN,Not Available,Not Available,2,0.8,FAIL,"Followers 876,000 > 100,000 (not micro); Engagement 1.76% < 2.0%"
You Are Unlocked,YouTube,30,0.6,Fitness,inquiries@youareunlocked.com,https://www.youtube.com/@youareunlocked,fitnessmotivation,https://www.instagram.com/youareunlocked,Not Found,GB,Not Available,Not Available,1,0.6,FAIL,"Followers 30 < 5,000; Engagement 0.6% < 2.0%"
You1stlondon,YouTube,166000,4.84,Fitness,Not Found,https://www.youtube.com/@you1stlondon,"workout try, try home, save workout, home today",Not Found,Not Found,GB,Not Available,Not Available,0,0.9,FAIL,"Followers 166,000 > 100,000 (not micro)"
Youssef ,YouTube,22,1.3,Fitness,Not Found,https://www.youtube.com/@y_m1kh,let see,Not Found,Not Found,Not Available,Not Available,Not Available,5,1.0,FAIL,"Followers 22 < 5,000; Engagement 1.3% < 2.0%"
Zumba Class,YouTube,3440000,0.25,Fitness,zumbaclass.fitness@gmail.com,https://www.youtube.com/@zumbaclass.mirapham,"zumba class, workout home, weight fast, lose weight",Not Found,Not Found,US,Not Available,Not Available,2,1.0,FAIL,"Followers 3,440,000 > 100,000 (not micro); Engagement 0.25% < 2.0%"
autumn wolfe,YouTube,13000,5.7,Fitness,Not Found,https://www.youtube.com/@autumn.wlf.735,"winter arc, gel nails, builder gel, protein",Not Found,Not Found,Not Available,Not Available,Not Available,0,0.2,FAIL,Low fitness relevance (0.2)
body fitness lover,YouTube,85700,0.66,Fitness,Not Found,https://www.youtube.com/@bodyfitnesslover,"workout, stronger, postpartum, core",Not Found,Not Found,IN,Not Available,Not Available,0,0.9,FAIL,Engagement 0.66% < 2.0%
camille 🎀,YouTube,532,2.29,Fitness,Not Found,https://www.youtube.com/@aestheticallycamille,"fall, nail inspo, kindle makeover, gym vlog",Not Found,Not Found,Not Available,Not Available,Not Available,0,0.2,FAIL,"Followers 532 < 5,000; Low fitness relevance (0.2)"
ccknowz99runs,YouTube,25,3.78,Fitness,Not Found,https://www.youtube.com/@ccknowz99runs,"hyrox, race, training, until",Not Found,Not Found,US,Not Available,Not Available,10,0.9,FAIL,"Followers 25 < 5,000"
demetra dias,YouTube,116000,4.66,Fitness,Not Found,https://www.youtube.com/@demetradiass,"think, like, just, but",Not Found,Not Found,Not Available,Not Available,Not Available,1,0.2,FAIL,"Followers 116,000 > 100,000 (not micro); Low fitness relevance (0.2)"
enjoy with life ,YouTube,53,Not Available,Fitness,Not Found,https://www.youtube.com/@enjoywithlife777,"vlog, time, simple, recipe",Not Found,Not Found,Not Available,Not Available,Not Available,0,0.1,FAIL,"Followers 53 < 5,000; Engagement unavailable (likes hidden); Low fitness relevance (0.1)"
ethan-vlog,YouTube,3850,1.37,Fitness,Not Found,https://www.youtube.com/@godnolimitgaming6338,"triceps biceps, shoulder",Not Found,Not Found,Not Available,Not Available,Not Available,0,0.9,FAIL,"Followers 3,850 < 5,000; Engagement 1.37% < 2.0%"
fit and Fabulous,YouTube,93400,1.2,Fitness,Not Found,https://www.youtube.com/@fitfabulous68,"postpartum, one, home, exercises",Not Found,Not Found,IN,Not Available,Not Available,0,0.8,FAIL,Engagement 1.2% < 2.0%
fitness life ,YouTube,4380,1.11,Fitness,Not Found,https://www.youtube.com/@fitnesslife-d1i,"exercises, workout, home, hips glutes",Not Found,Not Found,AE,Not Available,Not Available,0,0.9,FAIL,"Followers 4,380 < 5,000; Engagement 1.11% < 2.0%"
im_JB5,YouTube,505,1.18,Fitness,Not Found,https://www.youtube.com/@im_jb5,"see, oreos",Not Found,Not Found,US,Not Available,Not Available,2,0.0,FAIL,"Followers 505 < 5,000; Engagement 1.18% < 2.0%; Low fitness relevance (0)"
mankarandagoat,YouTube,303,0.94,Fitness,Not Found,https://www.youtube.com/@mankarandagoat,"workout gym, fitness workout, foryou fitness, explorepage foryou",Not Found,Not Found,AU,Not Available,Not Available,0,1.0,FAIL,"Followers 303 < 5,000; Engagement 0.94% < 2.0%"
morgans vlogs,YouTube,628000,3.54,Fitness,team@settebelloentertainment.com,https://www.youtube.com/@morgansvlogs,"moving, house, closet, alone",https://www.instagram.com/morganadams,Not Found,US,Not Available,Not Available,1,0.1,FAIL,"Followers 628,000 > 100,000 (not micro); Low fitness relevance (0.1)"
musclemore,YouTube,59,4.38,Fitness,Not Found,https://www.youtube.com/@musclemore,"when, har, gym",Not Found,Not Found,IN,Not Available,Not Available,0,0.3,FAIL,"Followers 59 < 5,000"
oce_calisthenics ,YouTube,308,1.11,Fitness,Not Found,https://www.youtube.com/@oce_calisthenics,calisthenics motivation,Not Found,Not Found,Not Available,Not Available,Not Available,0,1.0,FAIL,"Followers 308 < 5,000; Engagement 1.11% < 2.0%"
pyxtwoalezzz,YouTube,9080,2.91,Fitness,Not Found,https://www.youtube.com/@pyxtwoalezzz,"pyxtwoalezzz, shot, recette, boost",Not Found,Not Found,FR,Not Available,Not Available,0,0.2,FAIL,Low fitness relevance (0.2)
s4swapnad YT,YouTube,90,2.94,Fitness,Not Found,https://www.youtube.com/@gymguy2005,"through fitness, documenting through, before, back",Not Found,Not Found,Not Available,Not Available,Not Available,0,0.6,FAIL,"Followers 90 < 5,000"
safalfitpro,YouTube,45300,1.28,Fitness,Not Found,https://www.youtube.com/@safalfitpro,"workout, low impact, easy, walking",Not Found,Not Found,IN,Not Available,Not Available,0,1.0,FAIL,Engagement 1.28% < 2.0%
shivam fitness,YouTube,834000,5.68,Fitness,sm3920240@gmail.com,https://www.youtube.com/@shivamfitnesss,gym,Not Found,Not Found,IN,Not Available,Not Available,4,0.8,FAIL,"Followers 834,000 > 100,000 (not micro)"
workout-motion,YouTube,1320,0.65,Fitness,Not Found,https://www.youtube.com/@workout-motion,"body, workout, mobility, strength",Not Found,Not Found,US,Not Available,Not Available,1,0.8,FAIL,"Followers 1,320 < 5,000; Engagement 0.65% < 2.0%"
x7 hackerrr,YouTube,684,3.14,Fitness,aryanedit058@gmail.com,https://www.youtube.com/@muminffeditz,"calisthenics, master body, edit, discipline",Not Found,Not Found,IN,Not Available,Not Available,6,0.7,FAIL,"Followers 684 < 5,000"
yogwithneelam,YouTube,14100,1.35,Fitness,Not Found,https://www.youtube.com/@yog_withneelam,"workout, reduce belly, fat, simple",Not Found,Not Found,IN,Not Available,Not Available,0,1.0,FAIL,Engagement 1.35% < 2.0%
zaidfitness,YouTube,5040,0.59,Fitness,Not Found,https://www.youtube.com/@zaidfitness8856,"workout, body, home, back",Not Found,Not Found,Not Available,Not Available,Not Available,0,1.0,FAIL,Engagement 0.59% < 2.0%
재호 - Fitness,YouTube,798000,2.08,Fitness,Not Found,https://www.youtube.com/@jaeho_fitness,"fat burn, workout home, home fat, body workout",https://www.instagram.com/jaeho_fitness,Not Found,KR,Not Available,Not Available,1,0.4,FAIL,"Followers 798,000 > 100,000 (not micro)"
🎬 𝗦𝗛𝗢𝗥𝗧𝗦 𝗕𝗬 𝗭𝗔𝗥𝗔 ,YouTube,98200,0.54,Fitness,Not Found,https://www.youtube.com/@shortsbyzari,"khan, danish taimoor, laiba, hiba bukhari",Not Found,Not Found,Not Available,Not Available,Not Available,34,0.0,FAIL,Engagement 0.54% < 2.0%; Low fitness relevance (0)
🏋️ UWAISH HOME FITNESS 💪,YouTube,725,Not Available,Fitness,Not Found,https://www.youtube.com/@uwaishhomefitness,"workout, body, abs, chest",Not Found,Not Found,Not Available,Not Available,Not Available,0,1.0,FAIL,"Followers 725 < 5,000; Engagement unavailable (likes hidden)"
