Influencer,Channel,Email / Handle,Delivered To,Message Generated,Sent,Date,Status,Error
FITSARA,email,sezzy@pathtalent.co,Test inbox,Yes,Yes,2026-10-01T17:10:18,sent,
JASTEJ CHAHAL,email,official.singhx@gmail.com,Test inbox,Yes,Yes,2026-10-01T17:10:38,sent,
Lucy Adams,email,partnerships@lucefit.com,Test inbox,Yes,Yes,2026-10-01T17:10:28,sent,
Rahul Rajak,email,rr4077678@gmail.com,Test inbox,Yes,Yes,2026-10-01T17:10:43,sent,
ShapeX,email,armandube1@gmail.com,Test inbox,Yes,Yes,2026-10-01T17:10:08,sent,
YASHVEER CHAUHAN,email,1yashveerr@gamil.com,Test inbox,Yes,Yes,2026-10-01T17:10:13,sent,
dailyfit,email,dailyfittchannel@gmail.com,Test inbox,Yes,Yes,2026-10-01T17:10:33,sent,
kashish bhatt,email,kashish18bhatt@gmail.com,Test inbox,Yes,Yes,2026-10-01T17:10:22,sent,
Benji,instagram_dm,https://www.instagram.com/benji_calisthenics,,Yes,No,2026-10-01T16:54:34,pending_manual,
Cara Kuykens,instagram_dm,https://www.instagram.com/caracalisthenics,,Yes,No,2026-10-01T16:54:34,pending_manual,
Mercan Gokbas,instagram_dm,https://www.instagram.com/gmercan_,,Yes,No,2026-10-01T16:54:34,pending_manual,
Saiyan strength,instagram_dm,https://www.instagram.com/saiyan_.strength,,Yes,No,2026-10-01T16:54:34,pending_manual,
