Influencer,Email,Instagram,Collab Angle,Email Subject,Email Pitch,Email Words,Instagram DM,DM Words
Ali Spagnola's Fitness Outrageous,Not Found,Not Found,Sponsored integration in one upcoming video,Sponsored integration for Ali Spagnola's Fitness Outrageous,"Hi Ali Spagnola's Fitness Outrageous, I loved watching Ranking My Gym Fails. Because your audience is so engaged with your gym content, I think they would love FitFuel plant-based protein bars. We would love to do a sponsored integration in one upcoming video to showcase these bars to your viewers. Would you be open to discussing this sponsored integration for your channel?",62,Loved your video Ranking My Gym Fails! Would you be open to a sponsored integration for FitFuel plant-based protein bars on your channel? 🏋️,23
Anton,Not Found,Not Found,Paid product placement in one video,Paid placement for your 3 month planche video,"Hi Anton, I watch your fitness content regularly, especially your recent video titled 3 month planche. Your dedication to calisthenics makes your audience an ideal fit for FitFuel plant-based protein bars. We want to sponsor a paid product placement in one of your upcoming videos to showcase our snacks to your viewers. Would you be open to discussing the details for this integration?",63,"Hey Anton, loved your recent 3 month planche video! We would love to sponsor a paid product placement for FitFuel. Interested?",21
Ash workout,Not Found,Not Found,Sponsored integration in one upcoming video,Sponsorship for your next Ash workout video,"Hello Ash workout, I watched your video pullup variation and loved the intense energy you bring to fitness training. Since your audience is deeply engaged in challenging workouts and fitness motivation, they would be a great fit for FitFuel plant-based protein bars. We would love to do a sponsored integration in one upcoming video to fuel your routine. Would you be open to discussing this partnership?",66,Hey Ash workout! Loved your pullup variation video. Would you be open to a sponsored integration for FitFuel plant-based protein bars? 🏋️,21
Benji,Not Found,https://www.instagram.com/benji_calisthenics,Paid product placement in one video,Paid product placement for Benji,"Hi Benji, I watched your recent video titled How to Lock In again and Come Back even Stronger. Your focus on calisthenics makes your audience an ideal fit for FitFuel plant-based protein bars. We would love to sponsor a paid product placement in one of your upcoming videos to support your training routine. Would you be open to discussing this collaboration?",61,Hey Benji! Loved your video Calisthenics is like a video game!. We think your audience would love FitFuel plant-based protein bars. Want to chat about a paid product placement?,29
Brad Only,Not Found,Not Found,Paid product placement in one video,Paid product placement for Brad Only,"Hi Brad Only, I have been watching your fitness content, especially the Miami Pool Day hits different video. Because your viewers tune in for your trending and viral fitness uploads, they are a great fit for FitFuel plant-based protein bars. We would love to feature a paid product placement in one video to show your audience how these bars fit an active lifestyle. Would you be open to discussing this paid product placement?",73,Loved your Miami Pool Day hits different video! Would you be open to a paid product placement for FitFuel plant-based protein bars? 🏋️,22
Cali Bulk,Not Found,Not Found,Paid product placement in one video,Paid video placement with FitFuel for Cali Bulk,"Hi Cali Bulk, I recently watched your video Aura Of Calisthenics and loved the focus on power and calisthenics. Since your audience is deeply engaged in fitness and physical conditioning, they would love FitFuel plant-based protein bars for recovery. We are looking for a paid product placement in one video to showcase our bars in action. Would you be open to discussing this paid integration for your channel?",68,Loved your video Aura Of Calisthenics! FitFuel wants to do a paid product placement in one of your upcoming videos. Interested? 🏋️‍♂️,21
Calisthenics Aura,Not Found,Not Found,Paid product placement in one video,Paid video placement with FitFuel for Calisthenics Aura,"Hi Calisthenics Aura, I loved watching your recent video titled This Bro has Insane Strength | Power of Calisthenics Aura Edit. Your focus on power and calisthenics makes your channel a great fit for FitFuel and our plant-based protein bars. We would love to sponsor a paid product placement in one of your upcoming videos. Would you be open to discussing this collaboration?",62,Hey Calisthenics Aura! Loved your recent video This Bro has Insane Strength | Power of Calisthenics Aura Edit. Would you be open to a paid product placement with FitFuel? 🦾,28
Cara Kuykens,Not Found,https://www.instagram.com/caracalisthenics,Sponsored integration in one upcoming video,Sponsored integration with FitFuel for Cara Kuykens,"Hi Cara Kuykens, I have been watching your videos, especially 'How to Get Your First Pull-Up (Beginner Progression)'. Your focus on calisthenics and home fitness makes your audience an ideal fit for FitFuel plant-based protein bars. We would love to sponsor a dedicated integration in one of your upcoming videos to share our bars with your viewers. Would you be open to discussing this sponsored integration for your channel soon?",70,Loved your video How to Get Your First Pull-Up! We want to sponsor an upcoming video for FitFuel. Interested?,19
Dhruv Dagar Fitness,Not Found,Not Found,Brand ambassador program (3 months),FitFuel ambassador partnership for Dhruv Dagar Fitness,"Hi Dhruv Dagar Fitness, I watched your recent video titled 60G HIGH PROTEIN SHAKE RECIPE | 600 CALORIES | Easy Homemade Protein Shake. Since your audience focuses heavily on fitness, bodybuilding, and practical nutrition, they would be a great fit for FitFuel plant-based protein bars. We would love to have you join our 3-month brand ambassador program. Would you be interested in discussing this further?",63,Hey Dhruv Dagar Fitness! Loved your 60G HIGH PROTEIN SHAKE RECIPE video. Would you be down to join our 3-month brand ambassador program? Let me know!,26
FITSARA,sezzy@pathtalent.co,Not Found,Paid product placement in one video,Paid placement for FitFuel in your GYM WORKOUT VLOG,"Hi FITSARA, I watch your gym, workout, and vlog content, especially videos like GYM WORKOUT VLOG - Shoulders. Your audience is deeply invested in fitness routines and nutrition, making them a great fit for FitFuel plant-based protein bars. We would love to feature our bars through a paid product placement in one of your upcoming videos. Would you be open to discussing this collaboration?",63,Loved your GYM WORKOUT VLOG - Shoulders! Your fitness audience would love FitFuel plant-based protein bars. Would you be open to a paid product placement in a video?,27
JASTEJ CHAHAL,official.singhx@gmail.com,Not Found,Paid product placement in one video,Paid placement for FitFuel in your calisthenics videos,"Hi JASTEJ CHAHAL, I watched Start Your Calisthenics Journey and really liked your approach. Since your audience focuses on fitness, tutorials, and beginner tips, they would benefit greatly from clean nutrition. We would love to do a paid product placement for FitFuel plant-based protein bars in one of your upcoming videos. Would you be open to discussing this paid product placement?",61,"Hey JASTEJ CHAHAL, loved your video Start Your Calisthenics Journey! Would you be open to a paid product placement for FitFuel protein bars? 💪",23
Jishthetics,Not Found,Not Found,Brand ambassador program (3 months),Partnership opportunity with FitFuel for Jishthetics,"Hey Jishthetics, I really enjoyed watching your Olympia classic physique bodybuilding live reaction. Since your channel focuses on fitness and you frequently share supplement recommendations with your viewers, our plant-based protein bars would be a great fit for your audience. We want to invite you to join our brand ambassador program for 3 months, which includes free product samples and a 15% affiliate commission. Would you be interested in learning more about this partnership?",74,"Hey Jishthetics, loved your Olympia classic physique bodybuilding live reaction! Would you be interested in a 3-month FitFuel brand ambassador partnership?",21
Josh,Not Found,Not Found,Paid product placement in one video,Paid product placement for Josh calisthenics videos,"Hi Josh, I watched your recent video titled Calisthenics for Complete Beginners: Your First 30 Days and really liked your approach to training. Since your audience is heavily focused on fitness and calisthenics, they would be a great fit for FitFuel plant-based protein bars. We would love to sponsor a paid product placement in one of your upcoming videos. Would you be interested in discussing this paid placement?",68,Hey Josh! Loved your video Calisthenics for Complete Beginners: Your First 30 Days. Would you be open to a paid product placement for FitFuel? 🦾,24
Kailiefitness,Not Found,Not Found,UGC: paid short videos for our ads,Paid UGC video partnership for Kailiefitness,"Hi Kailiefitness, I recently watched your video My Female Client:I want a BREAST LIFT but I DONT want surgery and loved your practical approach to client goals. Because your audience focuses on female fitness and real transformations, they would love FitFuel plant-based protein bars. We want to hire you to create paid short videos for our ads. Would you be open to discussing this UGC project?",67,Hey Kailiefitness! Loved your video My Female Client:I want a BREAST LIFT but I DONT want surgery. Want to create paid UGC ads for FitFuel? 🚀,26
Kate's Home Fitness,Not Found,Not Found,Paid product placement in one video,Paid product placement for Kate's Home Fitness,"Hello Kate's Home Fitness, I have been watching your recent videos, including 25 Min Rebounder Walk for Active Seniors | 2500 Steps Low Impact Workout. Your audience focused on low impact workouts and rebounder routines would benefit greatly from clean nutrition. We would love to arrange a paid product placement for FitFuel plant-based protein bars in one of your upcoming videos. Would you be open to discussing this paid product placement opportunity for your channel?",74,Loved your 25 Min Rebounder Walk for Active Seniors video! We want to chat about a paid product placement for FitFuel bars. Interested? 🌟,23
Ketty & Markus | Holistic Fitness,Not Found,Not Found,Paid product placement in one video,Paid product placement for Ketty & Markus | Holistic Fitness,"Hello Ketty & Markus | Holistic Fitness, I really enjoyed watching your video How to lower blood sugar while watching TV. Since your audience focuses on fitness, blood sugar, and strength, they would be a great fit for FitFuel plant-based protein bars. We would love to sponsor a paid product placement in one of your upcoming videos. Would you be open to discussing this collaboration?",63,Loved your video How to lower blood sugar while watching TV! We want to sponsor a paid product placement for FitFuel plant-based protein bars. Interested? 🌿,25
Lucy Adams,partnerships@lucefit.com,Not Found,Sponsored integration in one upcoming video,Sponsored integration with FitFuel for Lucy Adams,"Hi Lucy Adams, I watched your video titled one factor that has been absolutely fundamental to my strength is supplements and really enjoyed it. Since your content focuses on fitness and calisthenics, your audience would be a great fit for FitFuel and our plant-based protein bars. We would love to do a sponsored integration in one upcoming video to share these with your viewers. Would you be open to discussing this sponsored integration?",73,"Hey Lucy Adams, loved your video one factor that has been absolutely fundamental to my strength is supplements! Would you be open to a sponsored integration with FitFuel?",28
Mercan Gokbas,Not Found,https://www.instagram.com/gmercan_,Paid product placement in one video,Paid product placement for Mercan Gokbas channel,"Hello Mercan Gokbas. Your recent video BECOMING HER | gym, groceries, meals & life lately really resonates with people focused on health. Since your audience is so engaged with fitness and nutrition, they would love FitFuel plant-based protein bars. We want to sponsor a paid product placement in one of your upcoming videos to showcase our bars. Would you be open to discussing the details for this partnership?",66,"Hey Mercan Gokbas! Loved your BECOMING HER | gym, groceries, meals & life lately video. Would you be interested in a paid product placement for FitFuel bars? 🌿",25
Moiz Abbas MA,Not Found,Not Found,Affiliate campaign: personal discount code + commission,FitFuel partnership for Moiz Abbas MA,"Hi Moiz Abbas MA, I loved watching your recent video Visited Tree House Cafe Islamabad With Friends | Food, Fun & Amazing Night | Moiz Abbas MA. Since your channel features food content and a community focus, your viewers would really enjoy FitFuel plant-based protein bars. We would love to set you up with free product samples and a 15 percent affiliate commission through a personal discount code. Would you be open to testing out our bars?",74,Loved your Food Blog at Tree House Cafe F-7 Islamabad! Would you be down to test some FitFuel plant-based protein bars?,21
Mr.Fit_sanjeev,Not Found,Not Found,Affiliate campaign: personal discount code + commission,Fuel your firefighter grind with FitFuel protein bars,"Hi Mr.Fit_sanjeev,

I really enjoyed watching your recent video, Firefighter's Off Duty Life | Family & Fitness Grind. Your dedication to staying fit while balancing work and family is inspiring.

Since your audience is heavily invested in fitness and active living, I think they would love FitFuel plant-based protein bars. We would love to set you up with an affiliate campaign featuring a personal discount code and 15% commission on sales.

Would you be open to trying some free samples?",79,Hey Mr.Fit_sanjeev! Loved your Firefighter's Off Duty Life video. Would you be down to test some FitFuel plant-based protein bars for an affiliate partnership? Let me know!,28
Nitish ,Not Found,Not Found,Paid product placement in one video,"Nitish, feature FitFuel in your next workout video","Hi Nitish, I watched your recent video titled Heavy chest workout to start the day right. Your focus on fitness and daily training routines aligns well with our audience of active individuals looking for clean nutrition. We would love to sponsor a paid product placement for FitFuel plant-based protein bars in one of your upcoming videos. Would you be open to discussing this integration for your channel?",67,"Hey Nitish, loved your Heavy chest workout to start the day right video! We have a great fit for your training content. Would you be open to a quick chat? 💪",30
Pawan kumar crockzee ,Not Found,Not Found,Affiliate campaign: personal discount code + commission,FitFuel plant-based protein bars collaboration for Pawan kumar crockzee,"Hi Pawan kumar crockzee, I have been following your fitness and vlog content, especially your recent video Day-57 Fitness vlog. Your audience's dedication to health and daily routines makes them an ideal fit for FitFuel plant-based protein bars. We would love to set you up with an affiliate campaign featuring a personal discount code and a 15 percent commission on sales. Would you be interested in testing out our product samples for your channel?",74,"Hey Pawan kumar crockzee, loved your Day-57 Fitness vlog! Your audience would love FitFuel plant-based protein bars. Want to team up on an affiliate campaign with a personal discount code? 🏋️‍♂️",30
Quick Strength,Not Found,Not Found,Sponsored integration in one upcoming video,Sponsored integration for your next handstand video,"Hi Quick Strength,

I watched your recent video, ""Do this to learn your first handstand"", and really enjoyed your approach to calisthenics. Since your audience is dedicated to mastering skills like the handstand, they would love a clean energy boost during training from FitFuel plant-based protein bars. We would love to sponsor a dedicated integration in one of your upcoming videos to showcase our bars. Would you be open to discussing this partnership?

Best,
The FitFuel Team",77,"Hey Quick Strength! Loved ""What Planche Progress Actually Looks Like"". We'd love to sponsor an upcoming video with FitFuel plant-based protein bars. Open to chatting? 💪",25
Rahul Rajak,rr4077678@gmail.com,Not Found,Sponsored integration in one upcoming video,Sponsorship opportunity with FitFuel for Rahul Rajak,"Hi Rahul Rajak, I recently watched your video How To Back Lever - 8 Easy Steps and really enjoyed your calisthenics and fitness content. Your audience of fitness enthusiasts would benefit greatly from clean nutrition during hard training sessions. We would love to sponsor a dedicated integration for FitFuel plant-based protein bars in one of your upcoming videos. Would you be open to discussing a sponsored integration for your channel?",69,"Hey Rahul Rajak, loved your video How To Back Lever - 8 Easy Steps! Your fitness audience would love FitFuel plant-based protein bars. Want to chat about a sponsored integration?",29
Saiyan strength,Not Found,https://www.instagram.com/saiyan_.strength,Paid product placement in one video,Paid product placement for Saiyan strength,"Hello Saiyan strength, I recently watched your video titled High pull-up tutorial -up and really enjoyed your approach to calisthenics. Because your audience is so focused on strength training, they would benefit greatly from FitFuel plant-based protein bars. We would love to sponsor a paid product placement in one of your upcoming videos to showcase our bars to your viewers. Would you be open to discussing this collaboration?",68,Loved your High pull-up tutorial -up video! We want to sponsor a paid product placement for FitFuel on your channel. Are you open to this?,25
Sandy Sklar,Not Found,Not Found,Sponsored integration in one upcoming video,Sponsorship opportunity with FitFuel for Sandy Sklar,"Hi Sandy Sklar, I watched your recent video titled 'Almost 50 navigating perimenopause... this is what I take daily' and loved your practical approach to wellness. Your audience of women focused on home workouts and fitness would greatly benefit from clean nutrition. We would love to sponsor a dedicated integration for FitFuel plant-based protein bars in one of your upcoming videos. Would you be open to discussing this collaboration?",69,Loved your video on navigating perimenopause! We want to sponsor an upcoming video for FitFuel plant-based protein bars. Are you open to discussing?,23
ShapeX,armandube1@gmail.com,Not Found,UGC: paid short videos for our ads,Paid UGC opportunity with FitFuel for ShapeX,"Hi ShapeX, I loved watching your recent video titled The Perfect Push-Ups To Build Muscle (AVOID THESE MISTAKES!). Your focus on home workout routines makes your audience a great fit for FitFuel and our plant-based protein bars. We are currently looking to partner for UGC, specifically creating paid short videos for our ads. We would love to provide you with free product samples and a 15% affiliate commission for this. Would you be interested in discussing this paid ad video partnership?",81,Hey ShapeX! Loved your video The Perfect Push-Ups To Build Muscle. Your home workout content is a great fit for FitFuel plant-based protein bars. Want to create paid UGC ads? 🏋️,30
Shashank Dutt,Not Found,Not Found,Barter: free product for an honest review,Fuel your Chest day with FitFuel protein bars,"Hi Shashank Dutt, I watched your video First QnA and Chest day and thought our plant-based protein bars would be a great fit for your fitness audience looking for clean nutrition. Since you focus on fitness and food, we would love to send you free product samples in exchange for an honest review. Would you be open to trying them out?",61,Hey Shashank Dutt! Loved your Gaining food tips! video. We'd love to send you free FitFuel plant-based protein bars for an honest review. Interested? 🏋️‍♂️,24
Sourabh Fitness,sourabhsocialmedia1118@gmail.com,Not Found,Barter: free product in exchange for an honest review,Fuel for Sourabh Fitness: Let's review FitFuel bars,"Hi Sourabh Fitness, I recently watched your video '10 km target finally done ft.aujla!!' and loved the dedication to endurance. Your audience of fitness enthusiasts would benefit greatly from clean nutrition for recovery. We would love to send you some FitFuel plant-based protein bars in exchange for an honest review on your channel. Would you be open to trying them out?",62,Hey Sourabh Fitness! Loved your video '10 km target finally done ft.aujla!!'. We'd love to send you some FitFuel plant-based protein bars for an honest review. Interested? 🏋️,28
Urs Gets Fit,Not Found,Not Found,Sponsored integration in one upcoming video,Sponsoring an upcoming video on Urs Gets Fit,"Hi Urs Gets Fit, I really enjoyed watching your video titled I Lost 90 lbs | What I Eat in a Day Exercise Routine. Since your audience is focused on fitness and weight loss, they would love FitFuel plant-based protein bars. We would like to sponsor an upcoming video on your channel to feature this product. Would you be open to discussing a sponsored integration for one of your upcoming uploads?",70,Loved your video I Lost 90 lbs! FitFuel plant-based protein bars would be a great fit for your audience. Would you be open to a sponsored integration?,27
"Vishal ""Asli Taaqat 100"" 🔥 ",Not Found,Not Found,Paid product placement in one video,Paid product placement for Vishal Asli Taaqat 100,"Hi Vishal Asli Taaqat 100, I loved your recent video titled Full Body Workout for Strength & Fat Loss | 3 Sets 20 Reps. Your focus on fitness and workout routines aligns perfectly with our plant-based protein bars at FitFuel. We want to do a paid product placement in one video to support your community's strength goals. Would you be open to discussing this collaboration?",63,"Loved your workout video, Full Body Workout for Strength & Fat Loss! We'd love to chat about a paid product placement with FitFuel. Interested?",23
YASHVEER CHAUHAN,1yashveerr@gamil.com,Not Found,Paid product placement in one video,Paid product placement for YASHVEER CHAUHAN,"Hi YASHVEER CHAUHAN, I watched your recent video titled Aestheticcccc and really enjoyed the focus on physique and bodybuilding motivation. Your audience of fitness enthusiasts would love FitFuel plant-based protein bars for their training recovery. We would like to propose a paid product placement in one video to showcase our protein bars to your viewers. Would you be open to discussing this opportunity?",63,Loved your aestheticcccc video! Would you be open to a paid product placement for FitFuel plant-based protein bars on your channel? 🏋️,21
coach rahul and jyoti,Not Found,Not Found,Paid product placement in one video,Paid product placement for coach rahul and jyoti,"Hi coach rahul and jyoti, I really enjoyed watching Hipthighfat loss exercise at home. Your focus on home exercises makes your fitness audience a great fit for FitFuel and our plant-based protein bars. We would love to do a paid product placement in one video to showcase how our bars support home workouts. Would you be open to discussing this collaboration?",61,Loved your Hipthighfat loss exercise at home video! Your home workout audience is a great fit for FitFuel's plant-based protein bars. Would you be open to a paid product placement?,30
dailyfit,dailyfittchannel@gmail.com,Not Found,UGC: paid short videos for our ads,Paid UGC opportunity for dailyfit,"Hi dailyfit. Your recent video How to Force Your Biceps to Have Biceps provides amazing muscle-building advice that really stands out. Since your audience is deeply focused on fitness and growth, they are the ideal fit for FitFuel plant-based protein bars. We want to hire you to create paid short videos for our ads to help fuel your viewers. Would you be interested in discussing this paid content partnership?",69,Loved your video How to Force Your Biceps to Have Biceps! We want to pay you to create short ad videos for FitFuel. Interested?,24
kashish bhatt,kashish18bhatt@gmail.com,Not Found,UGC: paid short videos for our ads,Paid UGC opportunity for kashish bhatt with FitFuel,"Hi kashish bhatt, I loved watching your recent video What I eat in a day to stay fit || Unfiltered Vlog. Because your fitness content connects so well with gym-goers and health-conscious viewers, your audience is a fantastic fit for FitFuel and our plant-based protein bars. We would love to hire you to create paid short videos for our ads. Would you be open to discussing this collaboration?",67,Loved your What I eat in a day to stay fit || Unfiltered Vlog video! We'd love to hire you for paid UGC ad videos for FitFuel. Interested? 🏋️‍♀️,27
saša venos,Not Found,Not Found,UGC: paid short videos for our ads,Paid UGC videos for FitFuel featuring saša venos,"Hi saša venos,

I loved watching your Calisthenics Q&A pt2: Programming, Fatigue, Reps in Reserve, Hard Coping, Staying Light & More. Your deep dive into training mechanics aligns perfectly with the fitness audience who fuels up with plant-based protein bars.

We want to hire you to create paid short videos for our FitFuel ads, showcasing how you fuel your training. 

Are you open to discussing this paid UGC opportunity?",69,Loved your Maltese guide video! Your calisthenics audience is a great fit for our FitFuel protein bars. Interested in creating paid UGC for our ads?,25
